;seed;moves;score;hints;efficiency;hints_w_implicit;avg_explicit_info;avg_implicit_info
0;78.0;71.0;13.0;31.0;0.41935483870967744;0.2903225806451613;1.0222709679575166;0.08916071916740102
1;23.0;70.0;15.0;30.0;0.5;0.3333333333333333;0.933805210958169;0.11185807762925275
2;103.0;74.0;14.0;34.0;0.4117647058823529;0.29411764705882354;0.8752020444905315;0.1004010293293693
3;100.0;68.0;13.0;28.0;0.4642857142857143;0.4642857142857143;0.9045305887775951;0.2259862259507366
4;52.0;73.0;14.0;33.0;0.42424242424242425;0.42424242424242425;0.7663293711361735;0.15631401491197724
5;84.0;70.0;16.0;30.0;0.5333333333333333;0.26666666666666666;0.9438957202269201;0.11924972666124084
6;305.0;71.0;16.0;31.0;0.5161290322580645;0.41935483870967744;0.9440042919934438;0.1942319128732238
7;187.0;67.0;15.0;27.0;0.5555555555555556;0.25925925925925924;0.9903769855456602;0.10582712949745439
8;134.0;72.0;14.0;32.0;0.4375;0.3125;0.885842179571434;0.13125452941344337
9;140.0;72.0;15.0;32.0;0.46875;0.28125;0.8939018140667494;0.1329772657844783
10;478.0;71.0;18.0;31.0;0.5806451612903226;0.41935483870967744;0.8872109119145012;0.1942287103359105
11;466.0;70.0;18.0;30.0;0.6;0.36666666666666664;1.072227081161197;0.14354750091835625
12;188.0;68.0;14.0;28.0;0.5;0.35714285714285715;0.8560885083161395;0.1721617803044114
13;468.0;70.0;15.0;30.0;0.5;0.26666666666666666;0.9259462472217427;0.10017983439622354
14;29.0;71.0;17.0;31.0;0.5483870967741935;0.3225806451612903;0.8510431225158371;0.1595312446816716
15;236.0;72.0;16.0;32.0;0.5;0.3125;0.9926449367336168;0.14530730066732953
16;69.0;71.0;15.0;31.0;0.4838709677419355;0.3548387096774194;0.9110725606784977;0.15719763753595165
17;131.0;70.0;16.0;30.0;0.5333333333333333;0.3;1.0011391549014972;0.10263937486825417
18;411.0;73.0;15.0;33.0;0.45454545454545453;0.36363636363636365;1.002651409973458;0.16831418184818447
19;79.0;70.0;16.0;30.0;0.5333333333333333;0.3333333333333333;0.9392675873464162;0.1149052677114073
20;499.0;72.0;14.0;32.0;0.4375;0.34375;0.8828297719939828;0.15388372768943379
21;114.0;73.0;14.0;33.0;0.42424242424242425;0.2727272727272727;0.9314070639236277;0.10931681888529299
22;161.0;74.0;13.0;34.0;0.38235294117647056;0.38235294117647056;0.8882038205707941;0.1124307431366512
23;224.0;66.0;15.0;26.0;0.5769230769230769;0.3076923076923077;0.9165982658222528;0.13874827012364108
24;8.0;72.0;12.0;32.0;0.375;0.28125;0.9080774350082046;0.09782293026546894
25;311.0;74.0;15.0;34.0;0.4411764705882353;0.23529411764705882;1.0553211461053051;0.10092246365173492
26;489.0;73.0;15.0;33.0;0.45454545454545453;0.3939393939393939;0.8066357923652863;0.16090863146414872
27;145.0;73.0;14.0;33.0;0.42424242424242425;0.45454545454545453;0.9568299728786313;0.1646508843115639
28;309.0;73.0;14.0;33.0;0.42424242424242425;0.3333333333333333;0.8871370110966419;0.10355135781711441
29;437.0;72.0;18.0;32.0;0.5625;0.34375;0.9142554526430028;0.12922289535552423
30;368.0;74.0;15.0;34.0;0.4411764705882353;0.38235294117647056;0.8599500616121669;0.15873634515820867
31;226.0;68.0;13.0;28.0;0.4642857142857143;0.32142857142857145;0.9269415498639475;0.12996584134218328
32;77.0;76.0;12.0;36.0;0.3333333333333333;0.2777777777777778;0.8817683054694677;0.09072671798703977
33;425.0;74.0;13.0;34.0;0.38235294117647056;0.4411764705882353;0.932730816196281;0.17036768014480222
34;119.0;71.0;18.0;31.0;0.5806451612903226;0.3548387096774194;0.9841979993812859;0.11507070461927141
35;157.0;70.0;15.0;30.0;0.5;0.23333333333333334;1.0181334564809796;0.09089995759787542
36;379.0;71.0;17.0;31.0;0.5483870967741935;0.25806451612903225;0.9712613776203961;0.11864392334230651
37;207.0;71.0;17.0;31.0;0.5483870967741935;0.3548387096774194;1.0370969082666388;0.14946933054960362
38;61.0;71.0;12.0;31.0;0.3870967741935484;0.3870967741935484;0.9380679016559634;0.11454540222195422
39;27.0;74.0;14.0;34.0;0.4117647058823529;0.5;0.9102164103677397;0.20929896506767043
40;137.0;69.0;15.0;29.0;0.5172413793103449;0.4482758620689655;0.9140413803059054;0.1628834426039815
41;135.0;72.0;13.0;32.0;0.40625;0.375;0.8621482601420283;0.16032858396376334
42;248.0;66.0;17.0;26.0;0.6538461538461539;0.34615384615384615;0.944701603692285;0.15330119399253034
43;28.0;73.0;17.0;33.0;0.5151515151515151;0.30303030303030304;0.9536770952208499;0.13476236458612784
44;351.0;70.0;17.0;30.0;0.5666666666666667;0.16666666666666666;1.0634164106290966;0.06091230910179417
45;401.0;72.0;17.0;32.0;0.53125;0.375;0.8881690022622384;0.1525142592274502
46;237.0;71.0;17.0;31.0;0.5483870967741935;0.3548387096774194;0.9847550951582212;0.1415860027214365
47;181.0;71.0;16.0;31.0;0.5161290322580645;0.41935483870967744;0.9005251284612799;0.18412924150573073
48;11.0;70.0;17.0;30.0;0.5666666666666667;0.3;0.9510583527639926;0.1467133513593848
49;159.0;71.0;15.0;31.0;0.4838709677419355;0.3870967741935484;0.9986345923255118;0.1711125976701125
50;349.0;73.0;14.0;33.0;0.42424242424242425;0.30303030303030304;0.8808217653445832;0.13513858806377732
51;382.0;73.0;15.0;33.0;0.45454545454545453;0.3333333333333333;0.9243827016125497;0.12253708218565942
52;108.0;74.0;13.0;34.0;0.38235294117647056;0.29411764705882354;0.907701468132603;0.1075916893684838
53;44.0;71.0;16.0;31.0;0.5161290322580645;0.41935483870967744;0.9585232702395197;0.1593106180839198
54;463.0;73.0;16.0;33.0;0.48484848484848486;0.3333333333333333;0.980866136348337;0.14665465846881323
55;57.0;72.0;14.0;32.0;0.4375;0.46875;0.8630766238526579;0.1515779084969051
56;225.0;73.0;14.0;33.0;0.42424242424242425;0.2727272727272727;0.9843024458953433;0.13331715275770736
57;190.0;75.0;13.0;35.0;0.37142857142857144;0.34285714285714286;0.7473847827576664;0.12053367722362428
58;444.0;75.0;13.0;35.0;0.37142857142857144;0.2857142857142857;0.8730278280944264;0.10629026581159877
59;164.0;72.0;16.0;32.0;0.5;0.21875;0.932549134524696;0.09281364926945489
60;301.0;72.0;18.0;32.0;0.5625;0.375;0.950362211929046;0.11619452511339867
61;448.0;70.0;16.0;30.0;0.5333333333333333;0.4;0.9389378781901104;0.17417697605752877
62;132.0;74.0;13.0;34.0;0.38235294117647056;0.47058823529411764;0.8412540709713038;0.19119534061053345
63;492.0;72.0;15.0;32.0;0.46875;0.25;0.9369618905816023;0.08378878866798711
64;149.0;68.0;17.0;28.0;0.6071428571428571;0.39285714285714285;0.8311807577236981;0.1778691690450846
65;477.0;69.0;14.0;29.0;0.4827586206896552;0.3793103448275862;0.9834312117148201;0.14904204464599718
66;488.0;70.0;16.0;30.0;0.5333333333333333;0.4666666666666667;0.8489651965424115;0.20011535107031692
67;461.0;72.0;14.0;32.0;0.4375;0.21875;0.868157368177736;0.07751818083841153
68;479.0;74.0;13.0;34.0;0.38235294117647056;0.35294117647058826;0.8444929223860544;0.11391549304748531
69;455.0;70.0;18.0;30.0;0.6;0.36666666666666664;0.8867490775836525;0.17094664229059353
70;467.0;69.0;14.0;29.0;0.4827586206896552;0.2413793103448276;1.0209212404468124;0.07562498615015384
71;398.0;73.0;14.0;33.0;0.42424242424242425;0.42424242424242425;0.864557996146548;0.17259367005803697
72;434.0;73.0;15.0;33.0;0.45454545454545453;0.3333333333333333;0.9164811502599586;0.12803967520381404
73;240.0;70.0;17.0;30.0;0.5666666666666667;0.4;1.075226790939046;0.1660076897130344
74;63.0;73.0;15.0;33.0;0.45454545454545453;0.36363636363636365;0.9668048235308998;0.15093414667866573
75;53.0;73.0;16.0;33.0;0.48484848484848486;0.3939393939393939;0.8226075171322086;0.14281001494197992
76;182.0;72.0;17.0;32.0;0.53125;0.40625;0.9452188488102861;0.16241501744142559
77;147.0;74.0;15.0;34.0;0.4411764705882353;0.20588235294117646;1.0483017107221249;0.09165190624414103
78;333.0;71.0;16.0;31.0;0.5161290322580645;0.3548387096774194;0.8584998075043996;0.10722079373299805
79;50.0;70.0;17.0;30.0;0.5666666666666667;0.23333333333333334;0.9770178912494235;0.0805189832325252
80;42.0;73.0;14.0;33.0;0.42424242424242425;0.45454545454545453;0.9333586865712845;0.18570906874902446
81;24.0;72.0;16.0;32.0;0.5;0.375;0.9658764948653206;0.1657653289929215
82;40.0;71.0;12.0;31.0;0.3870967741935484;0.16129032258064516;0.9026903242973637;0.06138999958038527
83;385.0;72.0;15.0;32.0;0.46875;0.3125;0.8795941754402856;0.1320796360575441
84;453.0;72.0;15.0;32.0;0.46875;0.28125;1.0168669931305174;0.11207645757781724
85;130.0;72.0;16.0;32.0;0.5;0.375;0.9320758865732827;0.13182718303736116
86;62.0;72.0;17.0;32.0;0.53125;0.40625;0.9580185797750275;0.1338531633969859
87;93.0;41.0;5.0;17.0;0.29411764705882354;0.17647058823529413;1.1099493792642157;0.028995030700170253
88;329.0;72.0;16.0;32.0;0.5;0.3125;0.905041103335954;0.09209103055548183
89;340.0;72.0;17.0;32.0;0.53125;0.375;0.9007159792578368;0.12675744892330962
90;7.0;68.0;12.0;28.0;0.42857142857142855;0.32142857142857145;0.9761712001106578;0.1272070289753824
91;391.0;70.0;15.0;30.0;0.5;0.3333333333333333;0.9322733723902458;0.14025268382551437
92;178.0;71.0;17.0;31.0;0.5483870967741935;0.2903225806451613;0.895857351348598;0.08940389262853646
93;331.0;70.0;14.0;30.0;0.4666666666666667;0.4;0.9732412792441216;0.15522243486282833
94;47.0;69.0;17.0;29.0;0.5862068965517241;0.27586206896551724;1.1752651525691113;0.10679000044855366
95;150.0;67.0;16.0;27.0;0.5925925925925926;0.4074074074074074;1.0332625276316336;0.21160076297107178
96;0.0;74.0;15.0;34.0;0.4411764705882353;0.29411764705882354;1.0351701055510107;0.09973825247475683
97;341.0;72.0;16.0;32.0;0.5;0.3125;0.9591856811620199;0.10998437040186058
98;384.0;72.0;15.0;32.0;0.46875;0.3125;0.9511662951835921;0.13524447413287244
99;81.0;73.0;15.0;33.0;0.45454545454545453;0.36363636363636365;0.890913290164942;0.17797353829134852
100;376.0;70.0;15.0;30.0;0.5;0.36666666666666664;0.9716792605667953;0.1549944540451515
101;163.0;72.0;16.0;32.0;0.5;0.40625;0.8183444914680063;0.17248437040186057
102;158.0;72.0;15.0;32.0;0.46875;0.34375;0.903199830295201;0.15262240085587228
103;336.0;71.0;17.0;31.0;0.5483870967741935;0.3870967741935484;0.8926638605843913;0.16067503609847364
104;154.0;69.0;19.0;29.0;0.6551724137931034;0.27586206896551724;1.0049352764051642;0.13124758530978922
105;321.0;71.0;12.0;31.0;0.3870967741935484;0.25806451612903225;0.9060034173781488;0.08303326670089416
106;443.0;74.0;16.0;34.0;0.47058823529411764;0.3235294117647059;0.9514428611558415;0.1297163348068962
107;314.0;71.0;16.0;31.0;0.5161290322580645;0.41935483870967744;0.9055456153071019;0.1820786641763819
108;317.0;73.0;14.0;33.0;0.42424242424242425;0.3333333333333333;0.9125623227685359;0.1453759408992843
109;202.0;73.0;15.0;33.0;0.45454545454545453;0.2727272727272727;0.9113899091437364;0.12216634108211363
110;123.0;72.0;17.0;32.0;0.53125;0.15625;0.9708938329370975;0.06514300868544784
111;228.0;74.0;13.0;34.0;0.38235294117647056;0.29411764705882354;0.8485937972682358;0.13427227480647688
112;238.0;72.0;16.0;32.0;0.5;0.34375;0.883412822919098;0.13897368847944436
113;393.0;74.0;14.0;34.0;0.4117647058823529;0.38235294117647056;0.931656395821217;0.15322102983948915
114;339.0;72.0;16.0;32.0;0.5;0.53125;0.7822357530591523;0.21801443859354747
115;73.0;71.0;11.0;31.0;0.3548387096774194;0.12903225806451613;1.0671683619956454;0.03373411259873146
116;176.0;73.0;14.0;33.0;0.42424242424242425;0.36363636363636365;0.9720813618703883;0.14249789504380378
117;418.0;72.0;16.0;32.0;0.5;0.34375;0.9341171829393102;0.1277962875839824
118;209.0;70.0;15.0;30.0;0.5;0.43333333333333335;0.8602313080024216;0.17358601715884772
119;19.0;72.0;15.0;32.0;0.46875;0.40625;0.9375116323517494;0.12670665795490274
120;300.0;73.0;15.0;33.0;0.45454545454545453;0.3333333333333333;0.9514081036493042;0.13252641870246365
121;416.0;70.0;16.0;30.0;0.5333333333333333;0.43333333333333335;0.9385510497345693;0.17752266089478086
122;325.0;74.0;14.0;34.0;0.4117647058823529;0.3235294117647059;0.8082206935950499;0.12308959122672375
123;112.0;72.0;16.0;32.0;0.5;0.34375;0.8498840242942348;0.1572340392409297
124;214.0;74.0;14.0;34.0;0.4117647058823529;0.35294117647058826;0.9212956831455806;0.11521881945681108
125;115.0;74.0;13.0;34.0;0.38235294117647056;0.35294117647058826;0.8824456328787682;0.10423729542206693
126;498.0;70.0;13.0;30.0;0.43333333333333335;0.3333333333333333;0.8580373171019336;0.15428814407615354
127;334.0;67.0;16.0;27.0;0.5925925925925926;0.3333333333333333;0.9870623685300962;0.12564981395501226
128;110.0;78.0;10.0;38.0;0.2631578947368421;0.42105263157894735;0.8597148252916054;0.13468682400205245
129;136.0;71.0;15.0;31.0;0.4838709677419355;0.3548387096774194;1.0197214622010589;0.12255937256301877
130;216.0;73.0;15.0;33.0;0.45454545454545453;0.42424242424242425;0.9429533914462027;0.10894607778174717
131;59.0;72.0;16.0;32.0;0.5;0.3125;0.9418675309747719;0.11872939217042443
132;354.0;70.0;18.0;30.0;0.6;0.36666666666666664;0.8610722457090734;0.15745399451718212
133;330.0;72.0;16.0;32.0;0.5;0.3125;1.0204825759765217;0.10155867103801874
134;223.0;71.0;19.0;31.0;0.6129032258064516;0.25806451612903225;0.9694809012783168;0.11471943550862217
135;494.0;73.0;16.0;33.0;0.48484848484848486;0.3939393939393939;0.8857701897697784;0.15455668318538068
136;396.0;70.0;17.0;30.0;0.5666666666666667;0.4;0.9047142821523013;0.21508510210763085
137;138.0;72.0;15.0;32.0;0.46875;0.34375;1.100805903785168;0.1627973442044572
138;308.0;72.0;15.0;32.0;0.46875;0.34375;0.8788887257889777;0.14876320260697537
139;215.0;68.0;16.0;28.0;0.5714285714285714;0.2857142857142857;1.0104307638389067;0.11462553623366538
140;107.0;68.0;20.0;28.0;0.7142857142857143;0.2857142857142857;1.0303100264903693;0.14568504450170086
141;75.0;76.0;13.0;36.0;0.3611111111111111;0.3055555555555556;0.9806745777953467;0.09292619704391826
142;177.0;77.0;11.0;37.0;0.2972972972972973;0.43243243243243246;0.8016942420421457;0.1560749285935904
143;220.0;73.0;13.0;33.0;0.3939393939393939;0.21212121212121213;0.9322405560040158;0.08557299214982783
144;414.0;71.0;17.0;31.0;0.5483870967741935;0.3225806451612903;0.9081932432894986;0.1440286063968597
145;205.0;71.0;15.0;31.0;0.4838709677419355;0.3548387096774194;0.9505917249065372;0.14946933054960362
146;307.0;71.0;12.0;31.0;0.3870967741935484;0.45161290322580644;0.8876405478894314;0.17038568111989236
147;139.0;73.0;14.0;33.0;0.42424242424242425;0.3333333333333333;0.8852099220001234;0.11422355533564056
148;469.0;75.0;13.0;35.0;0.37142857142857144;0.3142857142857143;0.9184394767141408;0.14773651048164807
149;162.0;74.0;13.0;34.0;0.38235294117647056;0.29411764705882354;0.8456435998072076;0.11128077300795146
150;452.0;74.0;15.0;34.0;0.4411764705882353;0.29411764705882354;0.8918829671864545;0.11909464772559358
151;124.0;70.0;17.0;30.0;0.5666666666666667;0.26666666666666666;1.0264493707631366;0.11813560147834253
152;433.0;72.0;15.0;32.0;0.46875;0.34375;0.8544484565152141;0.09127558606101173
153;67.0;74.0;13.0;34.0;0.38235294117647056;0.23529411764705882;0.9929371609954316;0.07264093303105165
154;235.0;71.0;16.0;31.0;0.5161290322580645;0.3870967741935484;0.9675710901228965;0.12625739772329259
155;242.0;73.0;14.0;33.0;0.42424242424242425;0.30303030303030304;0.8894250270156164;0.08567785675920683
156;48.0;71.0;17.0;31.0;0.5483870967741935;0.3548387096774194;1.0158075969905511;0.16024537003217115
157;218.0;70.0;15.0;30.0;0.5;0.3;1.002693269973996;0.12423329093120875
158;49.0;71.0;16.0;31.0;0.5161290322580645;0.3225806451612903;0.9415638579322091;0.13669495929493145
159;322.0;72.0;15.0;32.0;0.46875;0.3125;0.9174126586692161;0.11245878434084887
160;58.0;73.0;15.0;33.0;0.45454545454545453;0.45454545454545453;0.8946633961888093;0.1670354642786555
161;128.0;71.0;16.0;31.0;0.5161290322580645;0.25806451612903225;0.9992406198446738;0.08912086281216532
162;180.0;70.0;18.0;30.0;0.6;0.3;1.038252251946143;0.10962651797489897
163;94.0;72.0;15.0;32.0;0.46875;0.40625;0.9211314046137684;0.12250385394658513
164;210.0;72.0;15.0;32.0;0.46875;0.34375;0.8773538766034952;0.12632433119187111
165;14.0;74.0;14.0;34.0;0.4117647058823529;0.29411764705882354;0.9517311029458595;0.09558703273250906
166;328.0;67.0;14.0;27.0;0.5185185185185185;0.25925925925925924;1.0712925645340066;0.08881259291377917
167;440.0;70.0;15.0;30.0;0.5;0.3;0.9434843577349377;0.08878705830239565
168;203.0;74.0;15.0;34.0;0.4411764705882353;0.20588235294117646;0.9081777256521343;0.09574330897362666
169;72.0;72.0;16.0;32.0;0.5;0.25;1.012525222347529;0.09259991725288286
170;117.0;74.0;15.0;34.0;0.4411764705882353;0.4411764705882353;0.897352255499706;0.14648049215477554
171;166.0;73.0;15.0;33.0;0.45454545454545453;0.3333333333333333;0.81577454511576;0.13080984800577272
172;392.0;72.0;17.0;32.0;0.53125;0.21875;1.0058619881000646;0.08197654032493439
173;199.0;66.0;16.0;26.0;0.6153846153846154;0.34615384615384615;1.0529185439925444;0.186953578020799
174;306.0;72.0;14.0;32.0;0.4375;0.25;1.0021958890724492;0.09276851199934243
175;304.0;72.0;17.0;32.0;0.53125;0.375;0.9032596753626502;0.1434289455079449
176;347.0;70.0;15.0;30.0;0.5;0.3333333333333333;0.8077595236734424;0.12148128631559464
177;121.0;72.0;16.0;32.0;0.5;0.28125;0.9489360669937389;0.1315473442044572
178;160.0;72.0;13.0;32.0;0.40625;0.375;0.9851369324390957;0.14590335944693317
179;357.0;73.0;14.0;33.0;0.42424242424242425;0.3939393939393939;0.9623537835938949;0.12986111050988394
180;127.0;75.0;13.0;35.0;0.37142857142857144;0.2857142857142857;0.8905022101751625;0.10638913815758466
181;397.0;69.0;16.0;29.0;0.5517241379310345;0.41379310344827586;0.9823036211401972;0.18879954327387805
182;167.0;71.0;17.0;31.0;0.5483870967741935;0.3548387096774194;0.9596519823449527;0.10241470038849594
183;462.0;73.0;14.0;33.0;0.42424242424242425;0.3333333333333333;0.9021387467356432;0.12425365288235038
184;402.0;72.0;18.0;32.0;0.5625;0.34375;0.9186817562805801;0.14217072113240567
185;219.0;73.0;16.0;33.0;0.48484848484848486;0.5151515151515151;0.9272079548723531;0.23239113643338977
186;426.0;73.0;14.0;33.0;0.42424242424242425;0.3333333333333333;0.9450198146436078;0.12441713869709904
187;409.0;71.0;17.0;31.0;0.5483870967741935;0.2903225806451613;0.997052745386246;0.11802280078447623
188;222.0;72.0;16.0;32.0;0.5;0.5;0.9220486492671749;0.20708468195335647
189;353.0;74.0;15.0;34.0;0.4411764705882353;0.4117647058823529;0.9244878120918765;0.1484639302948995
190;439.0;74.0;14.0;34.0;0.4117647058823529;0.35294117647058826;0.9287125838887977;0.11190690764697064
191;428.0;72.0;17.0;32.0;0.53125;0.3125;0.9732157981646107;0.13517749458885706
192;39.0;72.0;16.0;32.0;0.5;0.21875;1.0191190046286709;0.09441216559593556
193;2.0;70.0;17.0;30.0;0.5666666666666667;0.36666666666666664;0.9794936683363586;0.17429232712784565
194;196.0;72.0;15.0;32.0;0.46875;0.34375;0.915416889782365;0.15151745537886763
195;197.0;70.0;16.0;30.0;0.5333333333333333;0.43333333333333335;0.9514192007835456;0.16266553960482685
196;495.0;77.0;10.0;37.0;0.2702702702702703;0.24324324324324326;0.8271052795767736;0.08674364904169274
197;30.0;70.0;17.0;30.0;0.5666666666666667;0.43333333333333335;0.9347762436882516;0.18498210254123273
198;374.0;73.0;12.0;33.0;0.36363636363636365;0.2727272727272727;0.8767834544856316;0.09982395670102047
199;476.0;73.0;16.0;33.0;0.48484848484848486;0.36363636363636365;0.8922402736265318;0.12749922645133618
200;231.0;69.0;16.0;29.0;0.5517241379310345;0.41379310344827586;1.0705530795430505;0.156153610190085
201;155.0;74.0;14.0;34.0;0.4117647058823529;0.38235294117647056;0.8043185100110185;0.138003840582521
202;193.0;72.0;17.0;32.0;0.53125;0.40625;0.9589330570704214;0.1584753848867609
203;1.0;78.0;9.0;38.0;0.23684210526315788;0.2894736842105263;0.834411270467349;0.08279284304416414
204;35.0;72.0;15.0;32.0;0.46875;0.3125;0.9397152012423068;0.09309348810235885
205;68.0;74.0;14.0;34.0;0.4117647058823529;0.5;0.889014505009287;0.19624903861964943
206;421.0;71.0;16.0;31.0;0.5161290322580645;0.25806451612903225;0.9773562428708407;0.10404223489438268
207;71.0;72.0;15.0;32.0;0.46875;0.4375;0.9251057045173418;0.15085528978293203
208;36.0;71.0;15.0;31.0;0.4838709677419355;0.3870967741935484;0.9711963910792598;0.14579031783417867
209;481.0;73.0;16.0;33.0;0.48484848484848486;0.3939393939393939;0.9132334776958013;0.13075423524454585
210;116.0;73.0;14.0;33.0;0.42424242424242425;0.36363636363636365;0.9423307040210935;0.13662456092210337
211;403.0;68.0;13.0;28.0;0.4642857142857143;0.32142857142857145;0.8850370270378015;0.12511105130969175
212;87.0;71.0;16.0;31.0;0.5161290322580645;0.25806451612903225;1.0191237953427277;0.0968858236164357
213;367.0;72.0;16.0;32.0;0.5;0.21875;0.9824399034084167;0.09925285184549004
214;12.0;71.0;15.0;31.0;0.4838709677419355;0.25806451612903225;0.9295858714080029;0.0967741935483871
215;200.0;73.0;15.0;33.0;0.45454545454545453;0.24242424242424243;0.9993887485609353;0.08588511204800396
216;129.0;75.0;13.0;35.0;0.37142857142857144;0.34285714285714286;0.9010850367684315;0.11780012105231713
217;355.0;72.0;15.0;32.0;0.46875;0.4375;0.9355625204054653;0.1503648213914783
218;51.0;75.0;13.0;35.0;0.37142857142857144;0.3142857142857143;0.856386712722721;0.07631260802102216
219;460.0;73.0;15.0;33.0;0.45454545454545453;0.36363636363636365;0.968563239082958;0.1636788042661074
220;470.0;71.0;16.0;31.0;0.5161290322580645;0.3548387096774194;1.0048678854702604;0.1278450758739436
221;372.0;70.0;15.0;30.0;0.5;0.5666666666666667;0.8749785228052936;0.2522742589465373
222;4.0;73.0;15.0;33.0;0.45454545454545453;0.36363636363636365;0.8688950968947481;0.1342837504290602
223;105.0;73.0;14.0;33.0;0.42424242424242425;0.30303030303030304;0.9400818949420711;0.13149571745163746
224;247.0;71.0;17.0;31.0;0.5483870967741935;0.25806451612903225;0.9609867106790437;0.10300401930175682
225;371.0;74.0;14.0;34.0;0.4117647058823529;0.4117647058823529;0.8774731557673983;0.15208170196640244
226;212.0;71.0;16.0;31.0;0.5161290322580645;0.25806451612903225;1.0554706769232576;0.08167558564218845
227;171.0;70.0;15.0;30.0;0.5;0.5666666666666667;0.7893216951119496;0.2783759414939473
228;424.0;70.0;16.0;30.0;0.5333333333333333;0.26666666666666666;1.0093076764642432;0.0872136621955865
229;109.0;75.0;13.0;35.0;0.37142857142857144;0.4;0.880660782506979;0.16785889323976286
230;41.0;73.0;15.0;33.0;0.45454545454545453;0.30303030303030304;0.9138363796495271;0.10414420594077861
231;410.0;71.0;17.0;31.0;0.5483870967741935;0.1935483870967742;1.032131336967936;0.07235606608665465
232;350.0;70.0;14.0;30.0;0.4666666666666667;0.4;0.8784811446074671;0.16860576217743695
233;373.0;75.0;13.0;35.0;0.37142857142857144;0.2857142857142857;0.8630748644604953;0.08873615934297913
234;86.0;72.0;15.0;32.0;0.46875;0.25;0.8962605981961316;0.11872939217042443
235;60.0;73.0;15.0;33.0;0.45454545454545453;0.3939393939393939;0.8020998007527252;0.14959132552966342
236;33.0;74.0;13.0;34.0;0.38235294117647056;0.38235294117647056;0.7796417957200389;0.16502692809776986
237;20.0;70.0;14.0;30.0;0.4666666666666667;0.4;0.9211900483178961;0.18421130924632814
238;184.0;70.0;15.0;30.0;0.5;0.4666666666666667;0.9673150092715246;0.21103582862433776
239;383.0;69.0;13.0;29.0;0.4482758620689655;0.3448275862068966;0.9881885132884289;0.09104422861023038
240;241.0;71.0;16.0;31.0;0.5161290322580645;0.25806451612903225;1.0360380726922842;0.09558701135781457
241;474.0;74.0;15.0;34.0;0.4411764705882353;0.3235294117647059;0.9137125412974598;0.12312915340280861
242;405.0;72.0;16.0;32.0;0.5;0.34375;0.8656305189286567;0.13984958609195194
243;111.0;72.0;17.0;32.0;0.53125;0.28125;1.0647283301379917;0.08505266674182074
244;144.0;67.0;15.0;27.0;0.5555555555555556;0.48148148148148145;0.8815807527990164;0.2320047432999822
245;387.0;68.0;16.0;28.0;0.5714285714285714;0.35714285714285715;0.9214620220568884;0.12018058473341942
246;366.0;73.0;15.0;33.0;0.45454545454545453;0.36363636363636365;0.8872008061441763;0.0900011144431078
247;32.0;73.0;14.0;33.0;0.42424242424242425;0.3939393939393939;0.8431209023259236;0.1871268783564466
248;126.0;74.0;13.0;34.0;0.38235294117647056;0.2647058823529412;0.8963694710211442;0.10501918750902706
249;186.0;74.0;13.0;34.0;0.38235294117647056;0.4117647058823529;0.9581954507474865;0.16683727391376713
250;18.0;68.0;11.0;28.0;0.39285714285714285;0.42857142857142855;0.891458301784968;0.16014436853352412
251;217.0;70.0;18.0;30.0;0.6;0.3333333333333333;1.0196005557945773;0.1519921010958931
252;358.0;70.0;16.0;30.0;0.5333333333333333;0.2;1.092905681571229;0.06191108321437562
253;142.0;74.0;13.0;34.0;0.38235294117647056;0.38235294117647056;0.8537371181993151;0.1261713460509184
254;179.0;70.0;18.0;30.0;0.6;0.3;0.9279199874442549;0.10921539347244145
255;326.0;73.0;15.0;33.0;0.45454545454545453;0.36363636363636365;0.8054232729233749;0.1409478186060044
256;88.0;71.0;13.0;31.0;0.41935483870967744;0.16129032258064516;1.0486093573507198;0.0666757028913101
257;412.0;70.0;11.0;30.0;0.36666666666666664;0.36666666666666664;0.9728598080383244;0.09706816098816234
258;386.0;72.0;15.0;32.0;0.46875;0.34375;0.9869041627154883;0.10563725500178212
259;113.0;72.0;16.0;32.0;0.5;0.34375;0.962905896845898;0.09353626798342797
260;423.0;75.0;13.0;35.0;0.37142857142857144;0.37142857142857144;0.8383370729201148;0.08868088792077342
261;64.0;74.0;14.0;34.0;0.4117647058823529;0.17647058823529413;0.9058438085682682;0.06115238958963602
262;400.0;71.0;17.0;31.0;0.5483870967741935;0.3870967741935484;0.8841294108489582;0.14504438883910972
263;66.0;73.0;15.0;33.0;0.45454545454545453;0.3333333333333333;0.915007257008092;0.14313999501562014
264;377.0;77.0;10.0;37.0;0.2702702702702703;0.32432432432432434;0.843986845293559;0.10344241278523851
265;9.0;70.0;17.0;30.0;0.5666666666666667;0.43333333333333335;0.9287320563996584;0.15534109522170236
266;151.0;73.0;14.0;33.0;0.42424242424242425;0.3939393939393939;0.8727647450151669;0.12911414592868864
267;189.0;74.0;13.0;34.0;0.38235294117647056;0.3235294117647059;0.9719534911220962;0.12536155435232452
268;356.0;70.0;17.0;30.0;0.5666666666666667;0.3333333333333333;0.9117050960883397;0.13103729035307288
269;362.0;70.0;18.0;30.0;0.6;0.3333333333333333;0.9776552317423898;0.14366285198867315
270;420.0;69.0;15.0;29.0;0.5172413793103449;0.27586206896551724;0.8945256995041199;0.15200827466592584
271;165.0;75.0;13.0;35.0;0.37142857142857144;0.2571428571428571;0.9024993564494226;0.06539415826419911
272;378.0;72.0;16.0;32.0;0.5;0.25;1.0156802067036492;0.09441216559593556
273;191.0;76.0;12.0;36.0;0.3333333333333333;0.4166666666666667;0.801040840290444;0.1662302047918188
274;118.0;70.0;16.0;30.0;0.5333333333333333;0.23333333333333334;0.9800586857928005;0.08257070849065543
275;407.0;71.0;12.0;31.0;0.3870967741935484;0.2903225806451613;0.8622097292644908;0.060423443987564524
276;343.0;73.0;14.0;33.0;0.42424242424242425;0.3939393939393939;0.8437762304818768;0.1755741065929356
277;442.0;73.0;15.0;33.0;0.45454545454545453;0.45454545454545453;0.9059482607822127;0.22049583410656154
278;485.0;72.0;16.0;32.0;0.5;0.375;0.8782248695669295;0.1576824728202932
279;365.0;75.0;14.0;35.0;0.4;0.42857142857142855;0.9536120204260582;0.14209992310663036
280;101.0;73.0;14.0;33.0;0.42424242424242425;0.3333333333333333;0.8909791925406484;0.1541859420818349
281;395.0;70.0;14.0;30.0;0.4666666666666667;0.5;0.9249698795935216;0.18985634635239776
282;34.0;75.0;13.0;35.0;0.37142857142857144;0.17142857142857143;0.8478228385045629;0.043510821293723925
283;143.0;72.0;17.0;32.0;0.53125;0.3125;0.8689137669537713;0.12524592659420505
284;475.0;73.0;15.0;33.0;0.45454545454545453;0.24242424242424243;1.0224761900964114;0.09965746244212896
285;364.0;73.0;16.0;33.0;0.48484848484848486;0.3333333333333333;0.893923545623146;0.11161686834843056
286;319.0;72.0;16.0;32.0;0.5;0.3125;0.9903423788111985;0.1425530478954373
287;320.0;73.0;14.0;33.0;0.42424242424242425;0.3333333333333333;0.893672796827536;0.13118907992756504
288;303.0;72.0;15.0;32.0;0.46875;0.34375;0.9055146845740806;0.11591468628049473
289;472.0;71.0;17.0;31.0;0.5483870967741935;0.25806451612903225;0.9791887943582204;0.0712380240705496
290;234.0;72.0;15.0;32.0;0.46875;0.25;0.8498758853136498;0.11162802399845373
291;185.0;71.0;16.0;31.0;0.5161290322580645;0.2903225806451613;0.9496391327932431;0.13993592135216618
292;360.0;68.0;16.0;28.0;0.5714285714285714;0.21428571428571427;1.0160966477897744;0.09186059885537566
293;76.0;74.0;14.0;34.0;0.4117647058823529;0.3235294117647059;1.039309726561199;0.12748393385738033
294;22.0;68.0;16.0;28.0;0.5714285714285714;0.4642857142857143;0.8389262219429375;0.21321559916509128
295;496.0;71.0;16.0;31.0;0.5161290322580645;0.41935483870967744;0.8961306639330487;0.18747016147969656
296;399.0;72.0;17.0;32.0;0.53125;0.375;0.9845435931438148;0.14552103268390157
297;441.0;70.0;18.0;30.0;0.6;0.43333333333333335;0.9836906182505031;0.17874941582503914
298;422.0;74.0;14.0;34.0;0.4117647058823529;0.35294117647058826;0.8137580481324415;0.11202749382687874
299;21.0;74.0;14.0;34.0;0.4117647058823529;0.3235294117647059;0.8482363554414808;0.13115860258115383
300;102.0;74.0;13.0;34.0;0.38235294117647056;0.29411764705882354;0.9492049001758507;0.0785001994399581
301;83.0;70.0;14.0;30.0;0.4666666666666667;0.5666666666666667;0.8567504673145853;0.23925994032444697
302;211.0;74.0;14.0;34.0;0.4117647058823529;0.38235294117647056;0.9135454606830794;0.15135670693171288
303;3.0;69.0;13.0;29.0;0.4482758620689655;0.3793103448275862;0.8701103673493996;0.16185022800475932
304;91.0;72.0;14.0;32.0;0.4375;0.34375;0.9798993497021457;0.12395805888130494
305;198.0;71.0;15.0;31.0;0.4838709677419355;0.25806451612903225;0.7951465858782952;0.0736114875715053
306;243.0;70.0;15.0;30.0;0.5;0.4666666666666667;0.9463155091652317;0.1748832860265267
307;323.0;73.0;15.0;33.0;0.45454545454545453;0.48484848484848486;0.8857692847550139;0.19638126626755054
308;233.0;73.0;15.0;33.0;0.45454545454545453;0.2727272727272727;0.9879873770945902;0.08168457914894606
309;133.0;68.0;14.0;28.0;0.5;0.35714285714285715;0.978082307920564;0.1379545545827848
310;480.0;71.0;16.0;31.0;0.5161290322580645;0.45161290322580644;0.884052412395223;0.19161207337381936
311;490.0;71.0;15.0;31.0;0.4838709677419355;0.1935483870967742;0.9068263981963031;0.06099533969596554
312;213.0;75.0;12.0;35.0;0.34285714285714286;0.4;0.7700868009873789;0.15553654682632628
313;246.0;75.0;12.0;35.0;0.34285714285714286;0.2857142857142857;0.8749738561679891;0.1028194599687761
314;46.0;73.0;15.0;33.0;0.45454545454545453;0.30303030303030304;0.930572647409284;0.1065466460833343
315;432.0;70.0;16.0;30.0;0.5333333333333333;0.3333333333333333;1.0207505023763455;0.10475227416373392
316;192.0;71.0;14.0;31.0;0.45161290322580644;0.25806451612903225;0.909861290423691;0.10774026005465649
317;201.0;72.0;13.0;32.0;0.40625;0.375;0.9199900566244241;0.14447654032493437
318;85.0;73.0;15.0;33.0;0.45454545454545453;0.3333333333333333;0.881029992743262;0.12441713869709907
319;173.0;73.0;15.0;33.0;0.45454545454545453;0.30303030303030304;0.9594613974127316;0.08530711565566103
320;80.0;71.0;16.0;31.0;0.5161290322580645;0.3548387096774194;0.8296225338517124;0.14589931436388182
321;459.0;70.0;16.0;30.0;0.5333333333333333;0.4;0.8902152356718297;0.16526007734018486
322;37.0;70.0;16.0;30.0;0.5333333333333333;0.3333333333333333;0.939598744305842;0.14612239246070374
323;429.0;70.0;16.0;30.0;0.5333333333333333;0.23333333333333334;0.926919132315111;0.08081747798762273
324;430.0;74.0;14.0;34.0;0.4117647058823529;0.2647058823529412;0.8484367310950546;0.13515062612179246
325;493.0;70.0;17.0;30.0;0.5666666666666667;0.3333333333333333;0.8850005817554265;0.1269431797368836
326;92.0;72.0;17.0;32.0;0.53125;0.375;0.9049162541379282;0.14528214458494734
327;174.0;69.0;14.0;29.0;0.4827586206896552;0.3793103448275862;0.9459546719726679;0.1688362262917806
328;227.0;75.0;12.0;35.0;0.34285714285714286;0.34285714285714286;0.8077567200913612;0.12072312233502464
329;361.0;76.0;11.0;36.0;0.3055555555555556;0.19444444444444445;0.8563661356655307;0.08284086758443245
330;148.0;73.0;14.0;33.0;0.42424242424242425;0.3939393939393939;0.9234211949106368;0.12355293170516439
331;65.0;73.0;15.0;33.0;0.45454545454545453;0.30303030303030304;0.9238744398819355;0.1395612279829536
332;125.0;74.0;13.0;34.0;0.38235294117647056;0.23529411764705882;0.8616537834982115;0.07518536766962608
333;457.0;74.0;14.0;34.0;0.4117647058823529;0.35294117647058826;0.8817423143548995;0.13902937435106652
334;16.0;67.0;16.0;27.0;0.5925925925925926;0.2962962962962963;1.0359503245882986;0.11763300959465485
335;195.0;72.0;15.0;32.0;0.46875;0.28125;0.9885101445067558;0.08835528978293204
336;344.0;73.0;16.0;33.0;0.48484848484848486;0.30303030303030304;0.8342783788308159;0.119081039937836
337;70.0;72.0;15.0;32.0;0.46875;0.4375;0.8448444848859836;0.192174642743367
338;104.0;74.0;12.0;34.0;0.35294117647058826;0.47058823529411764;0.8815136153375331;0.16067214764319818
339;487.0;73.0;16.0;33.0;0.48484848484848486;0.3939393939393939;0.9116253100946179;0.14773461156779155
340;45.0;73.0;15.0;33.0;0.45454545454545453;0.2727272727272727;0.9692513119195737;0.11688886352822024
341;436.0;73.0;15.0;33.0;0.45454545454545453;0.18181818181818182;1.0076040159280235;0.06693693531932404
342;89.0;73.0;16.0;33.0;0.48484848484848486;0.3333333333333333;0.9474790259484376;0.1152394048551455
343;43.0;71.0;17.0;31.0;0.5483870967741935;0.3870967741935484;0.976281072672464;0.12478134964069017
344;315.0;68.0;13.0;28.0;0.4642857142857143;0.35714285714285715;0.9225358835163592;0.15599917090337836
