num_expl;et
0;2161
0;2055
0;2045
0;2915
0;2418
0;1408
0;1405
0;1398
0;1392
0;2864
0;1306
0;1420
0;1418
0;1180
0;1337
0;1279
0;1432
0;1400
0;1268
0;1408
0;1298
0;1428
0;1375
0;1398
0;1287
0;1340
0;1434
0;1410
0;1524
0;1167
0;1499
0;1173
0;2233
0;1352
0;1337
0;1257
0;1367
0;1496
0;1435
0;1222
0;1242
0;1148
0;1264
0;1282
0;1166
0;1223
0;1123
0;1270
0;1305
0;1140
0;1266
0;1146
0;1290
0;1325
0;1161
0;5103
0;1153
0;1183
0;1165
0;592
0;1118
0;8544
0;1514
0;1035
0;1101
0;1185
0;1030
0;1050
0;1085
0;6126
0;1216
0;1623
0;1100
0;1066
0;1469
0;1272
0;1167
0;1076
0;925
0;1288
0;941
0;1123
0;686
0;673
0;704
0;529
0;763
0;394
0;265
0;105
0;471
0;183
0;131
0;207
0;110
0;174
0;189
0;186
0;176
0;188
0;116
0;191
0;101
0;122
0;230
0;108
0;124
0;97
0;62
0;78
0;53
0;146
0;199
0;196
0;196
0;140
0;157
0;135
0;144
0;109
0;151
0;149
0;157
0;47
0;146
0;148
0;155
0;148
0;131
0;129
0;141
0;142
0;123
0;148
0;147
0;140
0;139
0;148
0;151
0;127
0;127
0;151
0;148
0;305
0;305
0;327
0;327
0;233
0;281
0;274
0;281
0;208
0;248
0;248
0;269
0;126
0;253
0;253
0;259
0;189
0;193
0;261
0;241
0;241
0;110
0;228
0;240
0;226
0;195
0;198
0;218
0;234
0;248
0;175
0;180
0;252
0;224
0;191
0;235
0;241
0;233
0;132
0;224
0;233
0;173
0;252
0;176
0;204
0;224
0;249
0;180
0;177
0;232
0;732
0;726
0;827
0;747
0;729
0;813
0;132
0;108
0;104
0;160
0;99
0;100
0;153
0;110
0;104
0;182
0;186
0;105
0;105
0;101
0;175
0;112
0;103
0;105
0;171
0;159
0;150
0;161
0;173
0;271
0;247
0;159
0;106
0;195
0;168
0;187
0;112
0;102
0;170
0;102
0;145
0;104
0;99
0;101
0;130
0;102
0;98
0;98
0;100
0;100
0;101
0;99
0;162
0;103
0;255
0;243
0;148
0;106
0;169
0;150
0;169
0;101
0;175
0;179
0;177
0;187
0;178
0;132
0;215
0;181
0;132
0;175
0;191
0;118
0;117
0;102
0;99
0;101
0;124
0;166
0;178
0;485
0;202
0;168
0;150
0;106
0;268
0;204
1;2602
1;1891
1;1770
1;2096
1;2002
1;2119
1;2158
1;1860
1;1619
1;1550
1;1606
1;1699
1;1719
1;1536
1;1737
1;1625
1;1717
1;1574
1;1635
1;1468
1;1517
1;1527
1;1675
0;113
0;123
0;68
0;70
0;83
0;61
0;73
0;60
0;58
0;58
0;81
0;58
0;58
0;201
0;331
0;166
0;455
0;112
0;264
0;234
0;268
0;224
0;236
0;245
0;224
0;282
0;248
0;238
0;280
0;214
0;280
0;219
0;220
1;4196
0;432
0;237
0;850
0;218
0;247
0;134
0;130
0;132
0;320
0;338
0;423
0;287
0;289
0;356
0;268
0;336
0;294
1;4076
0;215
0;173
0;136
0;127
0;290
0;305
0;374
0;230
0;282
0;284
0;253
0;278
0;287
1;3510
0;233
0;149
0;133
0;122
0;201
0;129
1;3653
1;3104
1;2840
1;2903
1;2721
1;2684
1;2587
1;2724
1;2798
1;2908
1;3047
0;133
0;106
0;122
0;186
0;138
0;118
0;140
0;218
0;113
0;131
0;105
0;126
0;117
0;102
1;1612
1;3883
0;102
0;89
0;157
0;161
0;65
0;64
0;104
0;42
0;107
0;50
0;44
0;55
0;90
0;90
0;45
0;54
0;86
0;95
0;48
0;71
0;84
0;82
0;49
0;73
0;46
0;86
0;82
0;75
0;49
0;41
0;82
0;82
0;78
0;44
0;85
0;53
0;72
0;85
0;44
0;44
0;75
0;39
0;85
0;39
0;39
0;38
0;79
1;2103
0;37
0;79
0;71
0;39
0;59
0;37
0;79
0;39
0;36
0;37
0;74
0;36
0;78
0;37
0;36
0;37
0;73
0;36
0;77
0;37
0;61
0;74
0;82
0;42
0;81
0;48
0;83
0;89
0;90
0;85
0;87
0;87
0;85
0;84
0;107
0;81
0;96
0;80
0;81
0;84
0;85
0;61
0;43
0;42
0;41
0;42
0;43
0;41
0;43
0;78
0;78
0;63
0;63
0;53
0;62
0;67
0;62
0;67
0;75
0;39
0;69
0;63
0;73
0;72
1;2720
1;2331
0;98
0;82
0;67
0;78
0;73
0;80
0;78
0;80
0;78
0;85
0;79
0;80
0;74
0;80
0;76
0;45
0;40
0;42
0;39
0;65
0;75
0;80
0;81
1;1596
0;102
0;85
0;80
0;91
0;83
0;79
0;81
0;86
0;82
1;1572
0;78
0;77
0;74
0;76
0;76
0;79
0;73
0;78
0;77
0;77
0;78
0;78
0;78
0;76
1;2408
1;1718
0;85
0;52
0;39
1;1248
1;1068
1;1004
1;1005
1;904
1;879
1;886
1;902
1;2548
1;1954
1;1881
1;1445
1;1340
1;1236
1;1284
1;1351
1;1359
1;1363
1;1220
1;1200
1;1704
1;1472
1;1392
1;1535
1;1373
1;1459
1;1225
1;1208
1;1442
1;1394
1;1417
1;1537
0;113
1;1415
1;1357
1;1264
1;1229
0;115
0;116
0;101
0;73
0;70
0;87
0;57
0;57
0;61
1;2158
1;2545
1;2197
1;2188
1;2053
1;1906
1;1280
1;1207
0;90
0;122
0;129
0;50
0;63
0;71
0;74
0;50
0;72
1;2152
1;2327
1;1842
1;1774
1;1503
1;1447
1;989
1;906
0;121
0;125
0;121
0;53
0;72
0;93
0;46
0;46
0;100
1;1650
1;1823
1;1495
1;1496
1;1493
1;1444
1;871
1;813
0;145
0;135
0;104
0;66
0;86
0;82
0;58
0;79
0;56
1;1689
1;1765
1;1512
1;1491
1;1591
1;1567
1;915
1;926
1;3093
0;196
0;239
0;299
1;3307
1;2969
1;2072
0;103
0;106
0;108
1;1935
0;109
0;95
0;105
1;1938
0;93
0;129
0;100
1;2115
0;106
0;98
0;104
1;1888
1;1035
1;853
0;120
0;98
0;103
0;62
0;60
0;62
0;46
0;47
0;71
0;51
0;55
0;46
0;46
0;144
0;44
0;52
0;73
0;41
0;45
0;41
0;46
0;76
0;42
0;46
0;44
0;51
0;91
0;44
0;60
0;88
0;74
0;43
0;44
0;81
0;86
1;1744
0;43
0;45
0;44
0;39
0;81
0;39
0;41
1;2074
0;37
0;77
0;37
0;49
0;42
0;39
0;81
0;44
0;44
0;48
0;50
0;89
0;59
0;49
0;46
0;80
0;88
0;106
1;1155
0;98
0;90
0;106
0;72
0;49
0;56
1;1186
1;3207
1;1170
1;1129
1;1018
1;997
1;1142
1;1156
1;1156
1;1230
1;1232
1;1133
1;1056
1;1088
1;1101
1;1082
1;1173
0;73
0;48
1;1163
0;42
0;39
0;40
0;44
0;53
0;49
0;79
0;79
0;51
0;42
1;1076
0;37
0;41
0;44
0;55
0;43
0;42
0;43
0;44
0;51
0;43
1;1042
0;38
1;2162
1;1865
0;48
0;40
0;41
0;39
0;39
0;39
0;60
0;40
0;44
0;86
0;76
0;44
0;44
0;43
0;44
0;42
0;43
0;43
0;45
0;44
0;43
0;49
0;48
1;2059
1;1865
1;1029
1;949
1;994
1;983
1;975
1;952
1;918
1;905
1;967
1;929
1;958
1;1134
1;1059
1;1099
1;1009
1;1059
1;1229
1;992
1;956
1;975
1;1029
1;978
1;991
1;1278
1;1048
0;54
0;33
0;31
1;898
1;861
1;938
1;826
1;821
1;821
1;845
1;807
1;837
1;855
1;920
1;834
1;822
1;824
1;814
1;840
1;813
1;975
1;809
1;909
1;850
1;822
1;820
1;1267
1;942
1;851
1;826
1;940
1;905
1;832
1;863
1;949
1;812
1;822
1;808
1;869
0;100
0;100
0;67
0;70
0;51
0;49
1;1563
1;1822
1;2167
1;1406
1;1955
1;2026
1;1150
1;1823
1;1724
1;1128
1;918
0;101
0;179
0;73
0;56
0;97
0;101
1;1558
1;1909
1;2099
1;1102
1;1904
1;1155
1;1937
1;1784
1;1687
1;1001
1;954
0;104
0;162
0;68
0;123
0;52
0;96
1;1312
1;1877
1;2081
1;1096
1;1130
1;1905
1;1902
1;1707
1;1700
1;1045
1;966
0;110
0;160
0;71
0;110
0;61
0;105
1;1336
1;1871
1;2066
1;1096
1;1147
1;1922
1;1883
1;1767
1;1765
1;1017
1;977
1;1255
0;199
0;215
0;112
1;3922
1;3589
1;1291
0;94
1;2627
1;1273
1;1442
0;104
1;1271
1;1336
1;1201
0;97
1;1340
1;1321
1;1238
0;121
1;1330
1;1242
1;1300
0;175
1;1541
1;1629
1;1794
0;102
1;1323
1;1288
1;1272
0;91
1;1345
1;1298
1;1294
0;92
1;1342
1;1271
1;1316
0;124
1;1320
1;2099
1;2396
0;97
1;1345
1;2082
1;1251
0;100
1;1343
1;1325
0;63
0;35
0;52
0;103
0;67
0;57
0;56
0;69
0;69
0;55
0;67
0;52
0;51
0;56
0;56
0;56
1;1867
0;57
0;47
0;52
1;2230
1;2230
0;55
0;54
0;48
0;44
0;55
0;57
1;1154
1;1216
1;2015
1;2017
1;1168
1;1998
1;1999
1;1160
1;1138
1;1953
1;1989
1;1118
1;1153
1;1954
1;1949
1;1100
1;1925
1;1950
1;1137
1;1132
1;1924
1;1926
1;1085
1;1128
1;1900
1;1923
1;1140
1;1175
1;1970
0;2041
0;95
0;88
0;87
0;95
0;82
1;1128
0;81
0;80
0;90
0;94
0;83
1;1929
0;89
0;92
1;1278
0;89
1;1199
1;1889
1;1182
1;1941
1;1221
1;1233
1;1967
1;1134
1;1944
1;1936
0;55
0;45
0;45
0;44
0;44
0;47
0;47
0;67
0;44
0;43
1;1916
0;41
0;43
0;50
0;45
0;48
0;47
0;48
0;43
0;44
0;43
0;42
0;43
0;47
0;127
1;1757
0;92
1;1647
1;1635
1;1735
1;1724
1;1831
1;1105
1;2730
1;1158
1;1068
0;97
0;91
0;82
0;86
0;93
1;1002
0;77
0;86
0;94
0;83
0;100
1;1005
0;84
0;89
0;94
0;85
0;95
1;1016
0;84
0;83
0;97
0;87
0;90
1;983
0;87
0;95
0;85
0;176
1;1055
0;145
1;1011
1;1149
1;1287
1;1178
1;1147
1;1036
1;1191
1;1047
1;1100
1;1107
1;1107
1;1118
1;1110
1;1114
1;1089
1;1087
1;1068
1;1118
0;134
1;1104
0;79
1;1045
1;922
1;920
1;945
1;937
1;858
1;815
1;847
1;804
1;806
1;802
1;794
1;847
1;800
1;793
1;802
1;813
1;878
0;116
0;79
0;43
0;42
0;39
0;37
0;37
0;37
0;37
0;37
0;37
0;37
0;37
0;37
0;37
0;37
0;42
0;163
0;162
0;40
0;42
0;88
0;93
0;43
0;45
0;86
0;88
0;46
0;47
0;88
0;92
0;44
0;56
0;93
0;93
0;41
0;40
0;76
0;82
0;41
0;79
0;40
0;77
0;45
0;81
0;46
0;84
0;81
0;86
0;84
0;86
1;1994
0;86
0;43
0;78
0;82
1;2286
0;79
0;79
0;79
0;80
0;91
1;1329
1;1922
1;1044
1;970
1;1763
1;914
1;920
1;1688
1;914
1;1002
1;1748
1;899
1;964
1;1755
1;1044
1;1945
1;1211
1;1519
1;1521
1;1510
1;1536
1;1610
0;104
0;119
1;1265
1;1909
0;112
0;99
1;1561
1;2206
0;127
0;113
1;1753
1;1887
0;167
0;111
1;1149
1;1249
0;164
0;98
1;1269
1;1296
0;110
0;99
1;1185
1;1960
0;129
0;121
1;1272
1;1686
0;108
0;137
1;1227
1;1227
0;110
0;117
1;1194
1;1193
0;106
0;112
1;1875
1;1284
0;117
0;127
1;2031
1;1579
0;130
0;120
1;1333
1;1233
0;165
0;120
1;1230
1;1222
0;102
0;165
1;1280
1;1343
0;62
0;35
0;50
0;114
0;121
0;51
0;60
0;42
0;48
0;50
0;53
0;43
0;47
0;50
0;52
0;49
0;53
0;49
0;51
0;43
0;46
0;45
0;46
0;42
0;43
0;44
0;61
0;46
0;48
0;49
0;54
0;49
0;54
0;50
0;53
0;48
0;47
0;43
0;53
1;2122
1;2164
0;70
0;43
0;41
0;78
0;45
0;45
0;75
0;81
1;1956
1;1937
1;1979
1;1977
1;1808
1;1820
1;1765
1;1769
1;1848
1;1848
1;1945
1;1946
1;1917
1;1932
1;1959
1;1960
1;1910
1;1901
1;1988
1;1988
0;61
0;54
0;55
0;51
0;63
0;44
0;48
0;43
0;49
0;43
0;41
0;44
0;44
0;46
0;46
0;46
0;78
0;83
0;55
0;49
0;50
0;41
0;47
0;41
0;42
1;1956
1;1956
0;39
0;41
0;38
0;46
0;42
0;45
0;43
0;47
0;44
0;45
0;44
0;50
0;47
0;51
0;54
0;45
0;49
0;59
0;44
0;119
0;47
0;60
0;92
0;54
1;1861
0;1892
0;78
0;70
0;70
0;72
0;72
0;71
0;70
0;74
0;73
1;1576
1;1482
1;1494
1;1586
1;1578
1;1573
1;1606
1;1640
1;1594
0;47
0;38
0;37
0;37
0;37
0;38
0;55
0;48
0;37
0;40
0;37
0;36
0;37
0;34
0;39
0;40
0;39
0;40
0;39
0;39
0;40
0;42
0;41
0;119
0;75
1;868
1;846
1;833
1;823
1;818
1;852
1;822
1;826
1;823
1;1130
1;867
1;1996
1;996
1;929
1;947
1;928
1;946
1;912
1;921
1;908
1;899
1;817
1;811
0;110
0;83
0;38
0;37
0;40
0;36
0;43
0;38
0;36
0;36
0;36
0;40
0;37
0;82
0;112
0;111
0;168
0;109
0;53
0;63
0;58
0;95
0;51
0;94
0;106
0;102
0;39
0;91
0;53
0;81
0;107
0;53
0;90
0;88
0;42
0;94
1;1352
0;85
0;79
0;83
0;68
0;43
0;60
0;103
0;62
0;132
0;50
0;46
0;83
0;86
0;42
0;46
0;90
0;89
0;63
0;37
1;1037
0;91
0;52
0;106
0;49
0;46
0;83
0;91
0;50
0;92
0;93
0;94
0;81
0;59
0;88
1;1142
1;887
1;824
1;808
1;820
1;874
1;802
1;806
1;802
1;806
0;202
1;3573
0;190
0;180
0;196
0;81
0;139
1;1991
0;160
0;124
0;115
1;1954
0;103
0;106
0;198
1;1322
0;109
0;161
0;123
1;1955
0;103
0;105
0;171
1;1391
0;118
0;103
0;114
1;1565
0;139
0;105
0;116
1;1250
0;128
0;138
0;138
1;1563
0;115
0;103
0;113
1;1428
0;82
0;34
0;51
0;133
0;129
0;55
0;182
0;76
0;98
1;2301
1;2056
0;51
0;47
0;47
0;119
0;150
0;60
0;50
0;59
0;186
0;155
0;81
0;69
0;70
0;127
0;87
1;962
1;937
1;922
0;85
0;46
0;39
0;38
0;39
0;39
0;38
0;41
0;40
0;55
0;38
0;102
0;119
0;43
0;163
0;48
0;39
0;57
0;42
0;45
0;83
0;40
0;40
0;91
0;44
0;55
0;63
0;44
0;96
0;48
0;78
0;55
0;42
0;90
0;42
0;84
0;81
0;41
0;80
0;84
0;49
0;50
0;40
0;42
0;77
0;78
0;81
0;48
0;83
0;95
0;45
0;40
0;81
0;91
0;68
0;41
0;78
1;2026
0;68
0;101
0;48
0;60
0;82
0;129
0;145
0;83
0;80
0;86
0;88
0;82
0;77
0;84
0;80
0;69
0;78
0;53
0;77
0;40
0;82
0;41
0;77
0;41
0;80
0;77
0;797
0;80
0;100
1;2006
0;85
0;91
0;115
1;1313
1;984
1;1170
1;1075
1;957
1;944
1;1064
1;949
1;938
1;936
1;926
1;933
1;1197
1;1199
1;1087
1;1144
0;153
0;46
1;1412
0;125
0;194
0;161
1;2130
0;162
0;189
0;125
1;2115
0;204
0;179
0;128
1;1993
0;101
0;167
0;89
1;1201
0;97
0;113
0;93
1;1975
0;105
0;123
0;94
1;1918
0;112
0;114
0;120
1;3032
0;67
0;35
0;85
0;120
0;106
0;191
0;48
0;63
0;60
1;1581
1;1215
0;66
0;71
0;85
0;58
0;43
0;72
0;45
0;71
0;47
0;120
0;131
0;48
0;78
1;1263
1;990
1;970
0;90
0;56
0;39
0;38
0;39
0;47
0;38
0;47
0;47
0;67
0;100
0;73
0;163
0;155
0;48
0;46
0;90
0;110
0;87
0;44
0;98
0;45
0;94
0;96
0;42
0;83
0;90
0;123
0;83
0;96
0;117
0;80
1;1337
0;79
0;58
0;85
0;79
0;64
0;86
0;81
0;80
0;71
0;81
0;83
0;84
0;65
0;88
0;71
0;88
0;87
0;44
0;82
0;83
0;84
0;38
0;78
0;82
0;85
0;42
0;76
0;44
0;45
1;1580
0;54
0;69
0;40
0;94
0;39
0;118
0;81
0;42
0;40
0;76
0;86
0;86
0;39
0;44
0;86
0;89
0;89
0;84
0;88
0;84
0;80
0;78
0;84
0;76
0;81
0;84
0;40
1;1775
1;1106
1;971
1;1034
1;1237
1;939
1;923
1;923
1;830
1;808
1;875
1;820
1;824
1;810
1;803
1;810
1;857
1;847
0;102
0;96
0;95
0;99
0;110
0;104
0;112
0;115
0;119
0;107
0;109
0;99
0;143
0;97
0;105
0;95
0;115
0;112
0;126
0;124
0;138
0;132
0;171
0;149
0;160
1;1059
1;880
0;175
0;200
0;160
0;161
0;93
0;93
0;92
0;91
1;1043
1;1391
0;102
0;97
0;85
0;87
0;93
0;94
0;111
1;1225
0;84
0;93
0;82
0;77
0;48
1;996
1;1065
1;1238
1;968
1;938
1;944
1;946
1;1634
1;984
0;928
0;49
0;55
0;36
0;128
0;143
0;38
0;183
0;183
0;36
0;37
0;82
0;88
0;37
0;81
0;88
0;36
0;36
0;88
0;86
0;86
0;88
0;61
0;79
0;79
0;84
0;86
0;69
0;80
0;79
0;37
0;85
0;82
0;79
0;80
0;79
0;77
0;74
0;80
0;77
0;80
0;80
0;73
0;79
0;77
0;82
0;77
0;74
0;76
0;79
0;79
0;77
0;72
0;76
0;79
0;79
0;78
0;74
0;81
0;81
0;79
0;79
0;81
0;81
0;79
0;79
0;79
0;49
0;90
0;91
0;97
0;75
0;80
0;76
0;83
0;82
0;80
0;72
0;75
0;81
0;81
0;75
0;80
0;78
0;79
0;80
0;74
0;77
0;79
0;109
0;153
0;149
0;129
0;76
0;75
0;84
0;82
0;100
0;273
0;289
0;291
0;288
0;279
0;174
0;112
0;112
0;101
0;162
0;109
0;118
0;110
0;159
0;114
0;119
0;119
0;158
0;176
0;177
0;181
0;164
0;108
0;88
0;144
0;161
0;159
0;162
0;171
0;162
0;101
0;115
0;154
0;153
0;84
0;38
0;81
0;116
0;166
0;163
0;163
0;76
0;96
0;93
0;116
0;40
0;40
0;77
0;82
0;77
0;39
0;77
0;82
0;41
0;85
0;73
0;62
0;74
0;73
0;62
0;80
0;90
0;78
0;44
0;55
0;40
0;82
0;79
0;41
0;69
0;43
0;71
0;79
0;54
0;39
0;76
0;40
0;79
0;80
0;39
0;70
0;39
0;49
0;78
0;40
0;40
0;75
0;40
0;40
0;75
0;45
0;40
0;73
0;39
0;39
0;78
0;40
0;39
0;77
0;40
0;40
0;77
0;44
0;79
0;44
0;80
0;84
0;45
0;86
0;50
0;89
0;49
0;90
0;92
0;111
0;90
0;99
0;99
0;98
0;90
0;88
0;90
0;98
0;93
0;94
0;82
0;53
0;50
0;47
0;57
0;53
0;49
0;62
0;41
0;43
0;58
0;57
0;49
0;46
0;41
0;42
0;46
0;46
0;40
0;42
0;44
0;46
0;48
0;43
0;44
0;43
0;42
0;45
0;50
0;40
0;40
0;42
0;44
0;50
0;45
0;40
0;39
0;44
0;47
0;39
0;43
0;44
0;188
0;41
0;39
0;55
0;41
0;147
0;87
0;98
0;80
0;84
0;73
0;74
0;77
0;75
0;71
0;76
0;75
0;80
0;79
0;79
0;77
0;76
0;84
0;78
0;74
0;76
0;76
0;77
0;81
0;74
0;175
0;117
0;72
0;46
0;41
1;1089
1;906
1;952
1;1003
1;950
1;942
1;952
1;923
1;856
1;865
1;866
1;917
1;862
1;871
1;952
1;1032
1;898
1;911
1;2194
1;939
1;923
1;923
1;906
0;102
0;72
0;39
0;39
0;40
0;35
0;34
0;35
0;35
0;35
0;34
0;34
0;34
0;90
0;114
0;106
0;117
0;80
0;43
0;50
0;41
0;79
0;40
0;81
0;43
0;82
0;81
0;39
0;57
0;56
0;79
0;38
0;38
0;39
0;41
0;40
0;44
0;79
0;79
0;80
0;79
0;37
0;44
0;38
1;1830
0;78
0;54
0;83
0;44
0;41
0;43
0;83
0;40
0;80
0;72
0;74
0;52
0;92
0;58
0;41
0;76
0;79
0;82
0;60
0;65
0;59
0;80
0;50
1;1527
0;132
0;94
1;1124
1;971
1;850
1;805
1;843
1;926
1;902
1;862
1;907
1;912
0;105
1;3242
0;192
0;188
0;184
0;126
0;168
1;1254
0;115
0;94
0;170
1;1355
0;91
0;122
0;109
1;1223
0;102
0;100
0;113
1;1392
0;120
0;102
0;126
1;1351
0;101
0;97
0;118
1;1212
0;100
0;92
0;106
1;1283
0;136
0;219
0;108
1;1227
0;156
0;183
0;118
1;1880
0;81
0;35
0;73
0;166
0;106
0;180
0;70
0;63
0;45
0;45
0;97
0;45
0;45
0;47
0;47
0;82
0;50
0;50
0;86
0;50
0;50
0;42
0;47
0;84
0;44
0;45
0;42
0;78
0;43
0;41
0;41
0;78
0;47
0;47
0;43
0;44
0;78
0;57
0;58
0;87
0;61
0;80
0;47
0;46
0;84
0;44
0;41
0;41
0;40
0;115
0;42
0;54
0;40
1;2261
0;45
0;79
0;41
0;46
0;41
0;47
0;82
0;87
0;94
0;103
0;93
0;95
0;100
0;99
0;89
0;85
1;2000
1;1940
1;1776
1;3537
1;2310
1;2048
1;1980
1;1820
1;1925
0;64
0;48
0;46
0;54
0;54
0;55
0;44
0;43
1;1951
0;41
0;42
0;46
0;68
0;77
0;55
0;69
0;46
0;48
0;41
0;42
0;40
0;40
0;67
0;41
0;40
0;39
0;53
0;67
0;52
0;74
0;45
0;69
0;46
0;75
0;189
0;75
1;2042
0;74
0;73
0;118
0;70
0;58
0;54
0;45
0;72
0;43
0;44
0;41
0;40
0;42
0;144
0;71
1;1962
1;1927
1;1672
1;1689
1;1772
1;1614
1;1527
1;1739
1;2065
1;1885
1;937
1;906
1;930
1;872
1;1044
1;1214
1;1079
1;945
1;878
1;939
1;866
1;866
1;960
1;1043
1;883
1;865
1;866
1;914
1;977
1;1071
1;1360
1;1914
1;1156
0;111
0;86
0;62
0;35
0;33
1;1068
1;930
1;916
1;1062
1;924
1;827
1;846
1;837
1;843
1;849
1;994
1;868
1;933
1;850
1;843
1;833
1;840
1;1099
1;960
1;2136
1;854
1;827
1;841
0;109
0;84
0;38
0;38
0;41
0;59
0;38
0;46
0;35
0;35
0;35
0;35
0;35
0;71
0;155
0;156
0;83
0;86
0;84
0;87
0;90
0;91
0;95
0;57
0;82
0;96
0;106
0;86
0;87
0;90
0;93
0;91
0;93
1;1368
0;69
0;59
0;85
0;112
0;108
1;1912
0;92
0;92
0;90
0;85
0;88
0;84
0;57
0;59
0;92
0;113
1;1116
0;114
0;80
0;85
0;82
0;88
0;90
0;90
0;63
1;1533
0;45
1;1226
1;1102
1;1212
1;1223
1;1215
1;1114
1;1156
1;1083
1;1124
1;1015
1;1187
1;1150
1;1201
1;1092
1;1214
1;1174
1;1079
1;1234
1;1121
1;1118
0;211
1;3770
1;3811
0;208
0;215
0;144
0;115
1;1478
1;2099
0;101
0;123
1;1385
1;2113
0;96
0;115
1;2259
1;1452
0;103
0;123
1;1708
1;2682
0;106
0;193
1;2366
1;2120
0;111
0;114
1;1368
1;2137
0;105
0;115
1;1591
1;2035
0;108
0;117
1;1267
1;1990
0;105
0;122
1;1980
1;1239
0;107
0;112
1;1351
1;1193
0;113
0;120
1;1316
1;1293
0;61
0;38
0;72
0;157
0;64
0;198
0;61
0;57
0;119
0;48
0;87
0;54
0;53
0;92
0;60
0;55
0;98
0;49
1;1405
0;84
0;56
0;47
0;85
0;52
0;58
0;91
0;69
0;90
0;52
0;53
0;91
0;55
0;55
1;2387
0;95
0;48
1;1156
0;43
0;86
0;46
0;85
0;100
0;95
0;98
0;99
1;1168
0;91
0;102
0;98
0;92
1;2067
0;87
1;1193
1;1192
1;1938
1;1139
1;1142
1;1980
1;1092
1;1886
1;1070
1;1149
1;2004
1;1134
1;1153
1;2007
1;1141
1;2552
1;3372
1;1129
1;2048
1;1175
1;1162
1;1973
0;58
1;1192
0;49
0;55
0;54
0;52
0;54
0;46
0;44
0;55
0;59
0;51
1;1161
0;47
0;57
0;46
1;1945
0;48
0;52
0;49
0;47
0;46
0;52
0;55
0;52
1;1134
0;44
0;130
0;151
1;1945
1;1103
1;1091
0;1825
0;80
0;77
0;75
0;73
0;73
0;79
0;78
0;72
0;78
0;103
0;77
0;75
0;75
0;74
0;76
0;77
0;76
0;86
0;87
0;83
0;82
0;84
0;82
0;83
0;77
0;79
0;79
0;79
0;79
0;86
0;85
0;77
0;115
0;102
1;1034
1;1017
1;966
1;893
1;1100
1;1081
0;49
0;47
0;39
0;39
0;41
0;43
0;48
0;39
1;975
0;34
0;42
0;41
0;46
0;47
0;37
0;37
0;42
0;47
0;46
0;40
1;918
0;34
0;37
0;40
0;45
0;123
0;82
1;954
1;915
1;884
1;915
1;830
1;857
1;820
1;828
1;832
1;824
1;949
1;1095
1;926
1;882
1;905
0;110
0;69
0;39
0;39
0;41
0;38
0;38
0;38
0;39
0;34
0;34
0;34
0;34
0;34
0;43
0;45
0;133
0;47
0;58
0;231
0;48
0;179
0;62
0;42
0;97
0;99
0;96
0;43
0;72
0;64
0;81
0;86
0;83
0;76
0;95
0;90
0;70
0;76
0;91
0;92
0;41
0;59
1;1339
0;38
0;80
0;82
0;38
0;41
0;83
0;84
0;41
0;41
0;42
0;42
0;86
0;86
0;51
0;98
0;100
0;57
0;55
1;1214
1;903
1;933
1;933
1;815
1;894
1;1050
1;914
0;145
0;146
0;100
0;158
1;2802
0;93
0;124
0;201
1;1339
0;113
0;159
0;203
1;2318
0;55
0;35
0;51
0;163
0;177
0;202
0;67
0;99
0;102
1;1481
1;1208
0;54
0;48
0;46
0;167
0;159
1;1076
1;1111
1;1038
0;101
0;86
0;82
0;81
0;72
0;72
0;71
0;70
0;74
0;55
0;38
0;38
0;37
0;54
0;33
0;36
0;57
0;43
0;51
0;37
0;103
0;93
0;97
0;39
0;39
0;48
0;40
0;107
0;106
0;44
0;39
0;41
0;41
0;53
0;89
0;86
0;59
0;50
0;50
0;92
0;92
0;45
0;42
0;43
0;39
0;84
0;71
0;85
0;43
0;48
0;85
0;85
0;83
0;50
0;86
0;92
0;96
1;1485
0;72
0;80
0;81
0;76
0;86
0;86
0;98
0;96
0;87
0;87
0;93
0;107
0;109
0;96
0;74
0;44
1;1060
0;85
0;85
0;46
0;38
0;39
0;85
0;88
0;44
0;78
0;44
0;92
0;93
0;50
0;91
0;93
0;93
0;86
0;85
0;85
0;83
0;109
0;107
0;109
1;1078
1;992
1;843
1;837
1;818
1;924
1;895
1;833
1;827
1;824
1;872
1;818
1;828
1;807
1;861
1;811
0;271
0;296
0;284
1;3410
0;204
0;122
0;111
0;176
0;173
1;1257
0;190
0;169
0;168
1;1841
0;103
0;160
0;160
1;1283
0;103
0;167
0;165
1;1343
0;146
0;172
0;172
1;1473
0;138
0;191
0;193
1;1605
0;81
0;44
0;45
0;115
0;172
0;181
0;64
0;119
0;119
1;1695
1;1648
0;61
0;50
0;49
0;117
0;86
1;2246
1;1850
1;1276
0;125
0;85
0;109
0;109
0;94
0;98
0;95
0;97
0;122
0;78
0;46
0;46
0;45
0;52
0;45
0;45
0;62
0;47
0;45
0;46
0;50
0;131
0;131
0;175
0;52
0;52
0;110
0;110
0;125
0;58
0;56
0;112
0;113
0;49
0;108
0;51
0;52
0;103
0;103
0;106
0;51
0;54
0;107
0;112
0;107
0;61
0;67
0;106
0;107
0;64
1;1620
0;75
0;69
0;96
0;103
0;95
0;100
0;100
0;86
0;86
0;102
0;102
0;85
0;89
0;108
0;108
0;89
0;102
0;51
0;104
0;104
0;91
0;106
0;54
0;103
0;103
0;58
0;57
0;59
0;113
0;113
0;57
0;89
0;63
0;103
0;101
0;88
0;45
1;1736
0;107
0;99
0;128
0;104
0;99
0;109
0;108
0;106
0;106
0;102
0;103
1;1305
1;1153
1;1124
1;1172
1;1176
1;1341
1;1141
1;1118
1;1121
1;1116
1;1318
1;1181
1;1318
1;1121
1;1228
1;1629
1;1148
1;1116
0;124
0;105
0;188
0;191
0;119
0;110
0;172
0;173
0;121
0;114
0;198
0;205
0;117
0;190
0;125
0;186
0;134
0;126
0;206
0;202
0;134
0;131
0;177
0;213
0;119
0;103
0;125
0;115
0;125
0;200
0;139
0;193
0;104
0;179
0;110
0;142
1;1392
1;1125
0;117
0;112
0;176
0;188
0;58
0;67
0;51
0;93
0;52
0;117
0;54
0;52
0;94
0;54
0;102
0;53
0;59
0;49
0;47
0;47
0;70
0;46
0;99
0;46
0;771
0;801
0;57
0;841
0;53
0;57
0;50
0;51
0;52
0;53
0;108
0;56
0;55
0;53
0;60
0;57
0;54
0;107
0;49
0;49
0;49
0;50
0;71
0;46
0;99
0;47
1;2638
0;45
0;43
0;47
0;45
0;44
0;85
0;47
0;49
0;47
0;76
0;46
0;44
0;46
0;46
0;46
0;44
0;51
0;47
0;46
0;44
0;45
0;46
0;46
0;44
0;45
0;50
0;50
0;50
0;57
0;58
0;60
0;59
0;74
0;71
0;67
0;60
0;63
0;64
0;77
0;62
0;57
0;64
0;59
0;64
0;92
0;95
0;92
0;88
0;110
0;103
0;90
0;105
0;55
0;64
0;61
0;62
0;65
0;54
0;49
0;54
0;50
0;70
0;48
0;57
0;50
0;73
0;95
0;55
0;51
0;64
0;96
0;64
0;51
0;49
0;50
0;45
0;49
0;50
0;48
0;89
0;50
0;48
0;99
0;52
0;51
0;96
0;52
0;53
0;99
0;55
0;102
0;59
0;53
0;104
0;60
0;52
0;99
0;49
0;54
0;112
0;53
0;55
0;100
0;55
0;102
0;99
1;2466
0;103
1;1217
1;1257
1;1348
1;1470
0;89
0;47
0;47
1;1330
1;1186
1;1164
1;1193
1;1255
1;1202
1;1306
1;1157
1;1161
1;1248
1;1182
1;1162
1;1165
1;1164
1;1158
1;1242
1;1151
1;1177
1;1152
1;1132
1;1150
1;1151
1;1184
1;1457
1;1156
1;1122
1;2690
1;1181
1;1168
1;1131
1;1140
1;1146
1;1122
1;1102
1;1105
1;1127
0;125
0;179
0;181
0;68
0;106
0;57
0;110
0;114
0;117
1;1673
1;1637
1;1294
1;1321
1;1326
1;1307
1;1122
1;1107
0;116
0;183
0;119
0;68
0;74
0;111
0;70
0;71
0;119
1;1484
1;1682
1;1302
1;1306
1;1335
1;1333
1;1115
1;1101
0;110
0;113
0;189
0;73
0;68
0;107
0;60
0;65
0;116
1;1457
1;1653
1;1322
1;1296
1;1308
1;1307
1;1123
1;1111
0;119
0;112
0;176
0;66
0;68
0;58
0;109
0;66
0;116
1;1430
1;1645
1;1336
1;1317
1;1309
1;1302
1;1155
1;1274
1;1472
0;210
0;209
0;208
0;143
1;3656
1;1293
0;121
0;112
1;1495
1;1458
0;121
0;116
1;1428
1;1425
0;115
0;113
1;1375
1;1391
0;122
0;124
1;1531
1;1484
0;113
0;113
1;1571
1;1450
0;106
0;205
1;1436
1;1478
0;113
0;205
1;1385
1;1432
0;85
0;44
0;79
0;180
0;58
0;184
0;106
1;1620
1;2510
1;1319
1;2138
0;66
0;59
0;58
0;120
0;80
1;1350
1;1305
1;1572
0;148
0;83
0;111
0;94
0;92
0;92
0;63
1;1109
1;1076
1;1108
0;103
0;61
0;46
0;45
0;47
0;46
0;45
0;52
0;49
0;79
0;87
0;185
0;172
0;103
0;118
0;115
0;119
0;115
0;105
0;106
0;107
0;119
0;102
0;105
0;108
0;109
0;109
1;1554
0;104
0;96
0;100
0;99
0;103
0;107
0;100
0;108
0;110
0;102
0;105
0;107
1;2308
0;98
0;98
0;102
0;99
0;104
0;106
0;112
0;70
0;81
1;1500
0;60
0;95
0;168
0;190
0;103
0;104
0;118
0;105
0;93
1;1884
0;100
0;101
0;97
0;101
0;105
0;109
0;108
0;109
1;1814
0;94
0;99
0;100
0;56
1;1712
1;1340
1;1280
1;1274
1;1284
1;1295
1;1249
1;1297
1;1235
1;1308
1;1290
1;1313
1;1310
1;1321
1;1319
1;1336
1;1343
1;1411
1;1330
1;1615
1;1330
1;3273
1;2982
1;1430
1;1371
1;1312
1;1328
1;1382
1;1338
1;1359
1;1366
0;269
1;1530
1;1558
0;122
0;128
0;45
0;117
1;1631
1;1635
0;108
0;121
1;1739
1;1748
0;113
0;122
1;1534
1;1676
0;103
0;121
1;1659
1;1618
0;70
0;42
0;59
0;118
0;175
0;56
0;49
0;100
0;55
0;54
0;99
0;50
0;48
0;91
0;51
0;95
0;57
0;56
0;99
0;48
1;1465
0;44
0;86
0;47
0;51
0;89
0;51
0;59
0;103
0;56
0;52
0;94
0;50
0;51
0;95
1;2419
0;56
0;102
0;49
1;1171
0;93
0;100
0;127
0;101
0;107
0;117
1;1332
0;90
0;97
0;107
1;2179
0;96
1;1306
1;1263
1;2133
1;1194
1;2085
1;1188
1;1138
1;2021
1;1207
1;1239
1;2198
1;1251
1;1311
1;2231
1;1604
1;3965
1;3016
1;1319
1;2325
1;1234
1;1199
1;2069
1;1236
1;2132
1;1372
0;73
0;62
0;56
0;49
0;55
0;61
0;71
1;1262
0;52
0;63
0;57
0;61
0;61
0;51
0;51
1;2166
0;57
0;60
0;65
0;56
1;1264
0;55
0;56
0;57
0;55
0;59
0;133
0;109
1;1280
1;2181
1;2098
1;2039
1;1955
1;2088
1;2051
1;2058
1;2003
1;1998
1;1988
1;1306
1;1248
1;1187
1;1198
1;1187
1;1271
1;1234
1;1137
1;1151
1;1153
1;1226
1;1333
1;1192
1;1204
1;1217
1;1192
1;1336
1;1229
1;1135
1;1173
1;1178
1;1226
1;1229
0;107
0;99
1;2108
1;1238
1;1205
1;1363
1;1213
1;1179
1;1203
1;1212
1;1267
1;1282
1;1177
1;1240
1;1211
1;1373
1;1420
1;1249
1;1190
1;1192
1;1298
1;1354
1;1219
1;1218
1;1195
0;121
0;86
0;87
0;50
0;46
1;1449
1;1192
1;1173
1;1213
1;1200
1;1537
1;1192
1;1172
1;1197
1;1154
1;1331
1;1143
1;1141
1;1169
1;1140
1;1233
1;1256
0;120
1;1426
1;1189
1;1197
1;1225
1;1203
1;1165
0;114
0;69
0;47
0;47
0;50
0;47
0;46
0;48
0;46
0;47
0;49
0;46
0;47
0;47
0;53
0;62
0;200
0;68
0;70
0;121
0;73
0;119
0;72
0;66
0;115
0;71
0;67
0;126
0;60
1;1489
0;56
0;104
0;64
0;110
0;60
0;107
0;97
1;2033
0;93
0;109
0;60
0;64
0;111
0;119
0;98
1;2918
0;120
0;56
1;1642
0;107
1;1603
1;1679
1;1512
1;1474
1;1691
1;1526
1;2211
1;1559
1;1754
1;2679
1;1576
1;1458
1;1485
1;1803
1;1786
1;1857
1;1891
1;2109
1;1917
1;1691
1;2030
1;1521
1;2432
1;1499
1;2001
1;1752
1;1798
1;1744
1;1618
1;1699
1;1447
1;1197
1;1221
1;1169
0;140
0;142
1;1758
1;2134
0;136
0;205
1;1755
1;1782
0;112
0;105
1;1613
1;1623
1;1250
1;1111
0;223
0;216
0;109
0;116
1;1809
1;2330
1;2741
1;1341
1;2246
0;62
0;50
0;48
1;1615
1;1405
1;1311
1;1215
1;1196
1;1319
1;1276
0;115
0;99
0;98
1;1572
1;1330
1;1455
1;1296
1;1167
1;1251
1;1218
1;1158
1;1159
1;1303
1;1160
1;1135
0;1254
0;55
0;90
0;177
0;94
0;176
0;118
0;105
0;118
0;120
0;118
0;117
0;106
0;120
0;123
0;97
0;102
0;130
0;107
0;115
0;129
0;108
1;1732
0;102
0;107
0;108
0;102
0;109
0;112
0;108
0;117
0;118
0;115
0;106
1;2654
0;104
0;100
0;103
0;107
0;107
0;118
0;60
1;1367
0;58
0;70
0;110
0;147
0;150
0;112
0;115
0;115
0;123
0;117
0;118
1;1421
0;110
1;1999
0;93
0;95
0;103
0;108
0;110
0;111
0;119
0;117
0;117
0;70
0;65
1;1378
1;1615
1;1643
1;1365
1;1363
1;1478
1;1342
1;1421
1;1354
1;1381
1;1373
1;1419
1;1324
1;1530
1;1326
1;1437
1;1367
1;1376
1;1372
1;1350
1;1372
1;1370
1;1396
1;1524
1;1352
1;1414
1;1355
1;1373
1;1364
1;1414
1;1383
1;1274
1;1253
1;1466
0;179
0;179
0;160
1;1825
0;123
0;189
0;121
1;1523
0;130
0;181
0;154
1;1502
0;171
0;190
0;205
1;1610
0;129
0;194
0;186
1;1588
1;1353
1;1090
0;102
0;110
0;175
0;50
0;64
0;105
1;1688
1;2238
1;1373
0;81
0;66
0;66
0;54
0;49
0;59
0;46
0;84
0;104
1;1737
1;1375
1;1303
1;1355
1;1339
1;1394
1;1450
1;1113
1;1143
1;1115
1;1097
1;1096
1;1089
1;1126
1;1120
1;1165
0;124
0;118
0;184
0;59
0;81
0;55
0;55
0;114
0;57
0;59
0;60
0;108
0;53
0;53
0;58
0;106
0;100
0;100
1;1958
1;1794
1;1258
1;1500
1;1252
1;1519
1;1218
1;1503
1;1271
1;1318
1;1309
0;137
0;136
0;202
0;61
0;76
0;64
0;117
0;56
0;107
0;65
0;114
0;54
0;100
1;1457
0;50
0;142
0;93
0;135
0;104
0;151
0;105
0;159
1;2112
1;1363
1;1359
1;1323
1;1318
1;1296
1;1315
1;1308
1;1294
1;1373
1;1286
1;1390
1;1201
1;1128
1;1128
1;1196
0;120
0;187
0;55
0;173
0;54
0;104
0;53
0;109
0;57
0;106
0;107
0;56
0;108
0;99
0;105
0;103
0;100
0;97
1;1958
1;2145
1;1326
1;1343
1;1346
1;1322
1;1309
1;1314
1;1329
1;1323
1;1335
1;1344
1;1172
1;1224
1;3307
0;211
0;241
0;240
1;4296
1;3085
1;1379
0;105
0;107
0;160
1;1159
1;985
0;79
0;186
0;106
0;48
0;43
0;86
0;87
0;46
0;93
0;46
0;84
0;46
0;88
0;44
0;84
0;44
0;86
0;84
0;43
0;67
0;83
0;80
0;46
0;45
0;85
0;85
0;44
0;46
0;86
0;84
0;42
0;41
0;84
0;79
1;1793
0;44
0;93
0;95
0;72
0;44
0;40
0;75
0;81
0;40
0;38
0;77
0;79
1;2214
0;38
0;38
0;73
0;77
0;39
0;40
0;76
0;83
0;42
0;42
0;82
0;47
0;46
0;91
0;89
0;103
0;95
0;88
0;97
0;94
1;1891
1;1860
1;1801
1;1726
1;3833
1;1951
1;1974
1;1936
1;1988
1;1962
1;1899
0;66
1;2055
0;49
0;45
0;48
0;55
0;58
0;52
0;55
0;48
0;50
0;51
0;42
0;44
0;43
0;45
0;42
0;42
0;43
0;43
0;45
0;46
0;44
0;45
0;50
0;50
0;50
0;50
0;47
0;46
0;51
0;62
0;48
1;1921
0;46
0;46
0;47
0;48
0;44
0;42
0;47
0;56
0;47
0;50
0;51
0;51
0;55
0;55
1;1520
1;1916
0;126
0;94
0;96
0;106
1;1241
0;92
0;98
0;95
1;1967
0;100
0;93
0;98
0;97
1;1212
0;89
0;85
0;86
0;86
0;89
0;87
1;1904
0;84
0;87
0;86
0;88
0;93
0;85
1;1526
1;1272
1;1159
1;1246
1;1172
1;1021
1;1012
0;151
0;141
0;168
1;1382
1;1115
1;1032
1;1014
2;2077
2;2013
2;2012
2;2014
2;1984
2;1957
2;1980
2;1965
2;1993
2;1950
2;1969
2;1957
2;1966
2;1957
2;1970
2;1960
2;1986
2;1991
2;1970
2;1965
2;1954
2;1966
2;1978
1;1303
1;1049
1;1035
1;1084
1;1057
1;1021
1;991
1;1006
1;1015
1;1020
1;990
1;984
1;997
0;182
0;216
0;255
0;111
0;122
0;128
0;102
0;107
0;134
1;1295
1;1176
2;3048
1;1207
1;1229
2;2350
1;1212
0;132
0;186
0;182
0;63
0;95
0;94
0;53
0;98
0;96
1;1602
2;2674
1;1315
2;2654
1;1433
1;1274
2;2460
1;1255
0;125
0;178
0;177
0;61
0;101
0;105
0;137
0;96
0;95
1;1572
2;2858
1;1278
1;1231
2;2425
1;1242
1;1317
0;125
0;191
0;193
0;50
0;46
0;98
0;103
0;102
0;99
2;2917
1;1573
1;1278
2;2529
1;1254
1;1359
2;2553
1;1371
2;2319
2;2138
2;2109
1;2226
2;2954
0;228
0;195
0;199
0;124
1;1457
2;2840
0;108
0;105
1;1535
2;2456
0;115
0;115
1;1422
2;2402
0;114
0;107
1;1795
2;3819
0;115
0;128
1;1466
2;2501
0;121
0;108
1;1404
2;2546
0;221
0;225
1;1706
2;2888
0;119
0;115
1;1316
2;2414
0;94
0;52
0;48
0;195
0;193
0;107
0;102
1;2560
2;4707
1;2203
2;4357
0;128
0;120
0;100
0;112
0;101
0;129
0;129
0;79
0;70
1;1316
1;1357
1;1400
0;156
0;90
2;2668
2;2258
2;2245
0;132
0;111
0;50
0;48
0;53
0;49
0;54
0;60
0;107
0;99
0;49
0;184
0;53
0;188
0;53
0;54
0;109
0;114
0;56
0;60
0;105
0;110
0;61
0;106
0;59
0;126
0;56
0;102
0;51
0;104
0;57
0;98
0;102
0;54
0;53
0;104
0;103
0;54
0;108
0;110
0;93
0;110
0;112
0;57
0;54
0;105
0;102
0;52
1;2645
0;51
0;104
0;100
0;52
0;103
0;56
0;105
0;57
0;109
0;57
0;106
0;101
0;114
0;107
0;110
0;105
0;103
0;110
0;108
0;109
0;113
0;104
2;4585
0;110
1;2125
0;110
1;1331
1;1305
1;1454
2;4696
1;1286
1;1305
1;1301
2;4704
1;1297
1;1294
1;1321
1;1297
2;4583
1;1284
1;1304
1;1294
2;4597
1;1281
1;1357
1;1305
2;4591
2;4166
2;4153
2;4280
2;4142
2;4112
0;125
2;4115
0;117
2;4097
2;3688
2;2423
2;2443
2;2426
2;2378
1;2565
2;2740
0;134
0;129
1;1765
2;3066
0;152
0;128
1;1583
2;2757
0;136
0;213
1;1468
2;3040
0;134
0;174
1;1515
2;2840
0;137
0;186
1;1474
2;4075
0;125
0;117
1;1446
2;2698
0;138
0;131
1;2175
2;2579
0;186
0;146
1;1697
2;4807
0;122
0;105
1;1505
2;2883
0;129
0;140
1;2581
2;4655
0;219
0;129
1;1510
2;4652
0;78
0;46
0;83
0;197
0;187
0;64
0;69
0;127
0;66
0;63
0;121
0;58
0;54
0;110
0;59
0;68
0;119
0;66
0;52
0;124
0;50
0;120
0;59
0;74
0;57
0;152
0;57
0;57
0;112
0;60
0;133
1;2676
0;56
0;50
2;2872
0;112
0;48
0;50
0;109
0;123
0;123
0;118
0;132
0;120
0;128
0;115
1;2271
0;116
2;2569
0;124
0;110
1;2349
2;2658
1;2274
2;2516
1;2235
2;2555
1;2358
2;2683
1;2404
2;2749
1;2427
2;2554
1;2401
2;2666
1;2380
2;2916
1;2446
0;76
0;62
0;61
0;68
0;67
0;58
0;55
0;67
0;70
0;61
2;2706
0;57
0;54
1;2375
0;64
0;62
0;66
0;59
0;57
0;65
0;66
0;71
0;60
0;141
0;61
0;155
0;124
1;2315
2;2683
1;2254
2;2561
1;2300
2;2497
1;2364
2;2535
1;2352
2;2699
1;2427
2;2697
1;2509
2;2588
1;2449
2;2662
1;1598
0;87
0;81
0;64
0;66
0;69
0;81
0;79
1;1500
0;56
0;84
0;79
0;77
2;2878
0;57
0;64
0;68
0;82
0;118
0;102
0;99
0;116
0;99
0;65
0;79
0;68
0;241
2;2783
0;153
2;2895
1;2091
1;2107
1;2175
1;2116
1;2141
1;2145
1;2135
1;2160
1;2182
1;2152
1;2243
1;2229
1;2200
1;2269
1;2220
1;2154
1;2179
1;2260
1;2271
1;2192
1;2203
1;2184
1;2153
0;188
0;106
0;123
2;2675
2;2449
0;145
2;2571
3;3722
3;4016
3;3689
3;3725
3;3756
3;3908
3;3653
3;3714
3;3790
3;3751
3;3925
3;4242
3;3968
3;3779
3;4005
3;3733
3;3842
3;3753
3;3862
3;3717
0;219
1;4161
3;6572
3;3828
3;3749
0;185
0;106
0;55
0;54
0;70
0;70
0;62
0;85
0;101
0;53
0;54
0;53
0;53
0;54
0;127
0;58
0;123
0;59
0;60
0;74
0;60
0;61
0;60
0;60
0;67
0;66
0;83
0;71
0;69
0;74
0;72
0;75
0;65
0;65
0;59
0;60
0;61
0;69
0;59
0;62
0;60
0;91
0;126
0;164
0;66
0;72
0;95
0;129
0;125
0;99
0;119
0;119
0;94
1;2766
0;132
0;132
0;136
0;69
1;2453
3;7005
1;2392
1;2372
1;2367
3;6778
1;2304
1;2284
1;2350
3;6634
1;2374
1;2355
3;6955
1;2365
1;2331
3;4999
3;3787
3;3776
3;3740
3;3751
3;3739
0;178
3;3762
3;4356
1;1616
3;8387
0;328
0;329
0;120
0;131
1;1438
3;3789
0;182
0;134
1;1698
3;3940
0;131
0;132
1;1559
3;6302
0;111
0;127
1;2111
3;6237
0;182
0;127
1;1533
3;6556
0;124
0;124
1;1436
3;6270
0;95
0;47
0;88
0;129
0;127
0;73
0;79
1;1872
1;1522
3;4886
3;3880
0;77
0;70
0;72
0;219
0;68
0;67
0;142
0;66
0;109
0;132
1;1312
1;1245
1;1240
0;171
0;129
3;3447
3;3469
3;3429
0;126
0;67
0;49
0;48
0;51
0;48
0;47
0;59
0;60
0;96
0;119
0;128
0;101
0;80
0;82
0;61
0;66
0;114
0;66
0;69
0;63
0;117
0;72
0;58
0;60
0;107
0;111
0;81
0;109
1;1615
0;107
0;53
0;97
0;62
0;58
0;63
0;63
0;112
0;70
0;69
0;71
0;66
0;118
0;56
0;56
0;55
0;108
0;109
0;116
1;1397
0;105
0;111
0;117
0;121
0;162
0;162
1;1368
0;106
0;100
0;111
0;111
0;105
0;113
0;115
0;122
0;127
0;127
0;106
0;110
0;111
0;111
0;122
0;124
0;109
1;1345
3;6740
1;1393
1;1378
1;1413
3;4169
1;1435
1;1406
3;4070
1;1429
1;1466
1;1424
3;4042
1;1374
1;1378
1;1411
3;4077
1;1423
1;2946
1;1444
3;5612
3;3484
3;3484
3;3369
0;207
1;1649
0;193
0;193
0;217
1;1707
0;181
0;182
0;130
1;1527
0;188
0;190
0;199
1;2971
0;168
0;168
0;187
1;1403
0;184
0;180
0;203
1;1455
0;182
0;184
0;253
1;1533
0;189
0;189
0;202
1;1578
0;183
0;181
0;114
1;1521
0;195
0;195
0;124
3;3341
3;3131
0;132
0;145
0;70
0;202
0;71
0;117
1;2728
3;4030
1;2387
3;3783
3;5630
3;3919
3;3803
3;3799
3;3874
3;4408
3;3811
0;102
0;61
0;64
0;70
0;52
0;72
3;3762
3;3539
3;3538
3;3527
3;3515
3;3540
0;111
0;102
0;101
1;1378
3;4691
1;1396
1;1421
3;4130
3;3575
3;3428
3;3416
3;3386
3;3443
3;3368
2;3484
2;2376
0;123
0;191
0;183
0;92
0;88
0;151
0;135
0;93
0;56
0;116
0;115
0;53
0;104
0;101
0;114
0;124
0;107
0;116
1;1712
2;3407
1;3361
2;2709
1;2613
2;2564
1;2474
2;2558
1;2452
2;2552
1;2402
2;2357
0;128
0;180
0;136
0;64
0;113
0;73
0;121
0;62
0;111
0;76
0;122
0;57
0;110
0;52
0;139
0;98
0;104
0;102
0;105
0;103
0;58
1;2605
2;3296
1;2414
2;2508
1;2376
2;2573
1;2521
2;2598
1;2398
2;2648
1;1503
1;1454
2;2704
2;2342
2;2365
2;2340
2;2384
0;104
0;176
0;57
0;181
0;53
0;121
0;59
0;126
0;59
0;112
0;68
0;113
0;111
0;105
0;124
0;104
0;106
0;104
1;2346
2;3417
1;1446
1;1440
2;2783
1;1445
1;1464
2;2784
1;1414
2;2648
2;2401
2;2376
2;2358
2;2259
2;6185
0;200
0;195
0;199
1;3583
1;3196
2;2338
0;119
0;105
0;161
2;2622
0;182
0;180
0;185
2;2618
0;104
0;109
0;146
2;2394
0;134
0;149
0;234
2;2722
0;124
0;111
0;169
2;2600
0;132
0;125
0;111
2;2665
0;130
0;106
0;130
2;4243
0;146
0;124
0;183
2;2781
0;213
0;195
0;199
2;2871
0;134
0;121
0;109
2;2380
0;148
0;131
0;109
2;4346
1;1328
1;1024
0;123
0;119
0;121
0;60
0;62
0;60
1;2045
2;3728
2;2407
0;89
0;75
0;57
0;71
0;51
0;54
0;68
0;56
0;53
1;2389
1;2070
2;3847
1;1965
2;3854
1;1969
2;2422
1;1171
1;1117
1;1088
1;1107
1;1101
1;1131
1;1119
0;1202
0;54
0;84
0;76
0;116
0;50
0;83
0;177
0;62
0;50
0;50
0;54
0;92
0;121
0;47
0;47
0;51
0;95
0;51
0;113
0;50
0;92
0;114
0;93
0;90
0;90
0;57
0;65
0;93
0;47
0;49
0;91
0;51
0;48
0;101
0;48
0;48
0;92
0;50
0;50
0;97
0;97
0;51
0;53
0;54
0;71
0;96
0;96
0;95
0;92
0;92
0;93
0;93
0;90
0;97
0;99
0;98
0;81
0;83
0;134
0;57
0;98
0;53
0;47
0;98
0;48
0;47
0;94
0;45
2;4224
0;49
0;99
0;48
0;45
0;95
0;46
0;92
0;96
0;96
0;96
0;94
0;101
0;100
2;2731
2;2260
2;2211
2;2205
2;2181
2;2233
2;2216
2;2189
2;2183
2;2196
2;2209
2;2178
2;2243
2;2256
2;2203
2;2275
2;2192
0;115
2;2561
0;114
0;116
0;46
0;117
0;123
2;2773
0;117
0;108
0;123
2;4467
0;134
0;121
0;1688
2;4705
0;119
0;119
0;108
2;4224
0;120
0;112
0;130
2;4656
0;167
0;206
0;120
2;2978
0;121
0;115
0;117
2;2602
0;113
0;130
0;125
2;4150
0;153
0;131
0;114
2;2893
0;119
0;119
0;134
2;2609
0;88
0;54
0;93
0;120
0;188
0;69
0;188
0;71
0;60
0;57
0;100
0;77
0;86
0;58
0;91
0;60
0;55
0;51
0;103
0;54
0;53
0;57
0;54
0;104
0;57
0;55
0;63
0;56
0;60
0;59
0;59
0;56
0;58
0;67
0;86
0;52
0;72
0;55
0;94
0;54
0;55
0;70
0;89
0;61
0;68
0;65
0;67
0;110
0;55
0;61
0;56
0;118
0;55
0;87
0;78
0;69
0;102
0;98
0;78
0;67
0;89
2;3266
0;96
0;83
0;62
0;83
0;78
0;73
0;80
0;84
2;3056
2;2724
2;2911
2;2747
2;3501
2;2956
2;2994
2;2744
2;3311
0;73
0;58
0;70
0;66
0;75
0;58
0;60
0;61
0;69
0;71
0;67
0;59
0;72
0;88
0;77
0;60
0;58
0;63
0;1707
0;70
2;4446
0;66
0;58
0;65
0;150
0;72
0;70
0;65
0;57
0;56
0;57
0;61
0;68
0;56
0;60
0;66
0;67
0;70
0;56
2;2959
0;50
0;55
0;59
0;63
0;68
0;55
0;59
0;60
0;70
0;69
0;117
0;89
2;2646
2;2722
2;2755
2;2566
2;2804
2;2611
2;2652
2;2733
2;2687
2;2755
2;2735
2;2644
2;2703
2;2667
2;2524
2;2624
2;2538
2;2500
2;2724
2;2513
2;2623
2;2491
2;2504
2;2653
2;2524
2;2668
2;2592
2;2472
2;2648
2;2485
2;2663
2;2570
2;2474
0;123
0;76
0;84
0;52
0;50
1;1379
1;1345
1;1255
1;1374
1;1224
1;1231
0;137
1;1252
1;1230
1;1365
0;146
1;1239
1;1221
1;1261
1;1230
1;1419
1;1237
1;1193
1;1218
1;1204
1;1230
1;1177
1;1172
1;1181
1;1188
0;127
0;72
0;50
0;50
0;52
0;50
0;49
0;50
0;63
0;50
0;49
0;49
0;49
0;127
0;119
0;212
0;111
0;81
0;122
0;71
0;131
0;132
0;126
0;57
0;115
0;81
0;130
0;79
0;130
0;131
0;69
1;1601
0;116
0;115
0;66
0;66
0;133
0;150
0;96
0;64
0;119
0;114
0;60
0;115
0;115
0;86
0;74
1;1569
2;3272
0;71
0;111
0;118
0;55
0;60
0;114
0;122
0;131
0;131
0;95
0;76
1;1513
2;2907
1;1474
1;1445
2;2732
1;1439
1;1451
2;2882
1;1465
1;1425
2;2758
1;1421
1;1478
2;2789
1;1482
2;2581
2;2352
2;2345
2;2440
2;2343
2;2332
0;215
1;2646
2;4926
0;189
0;200
0;132
0;201
1;1541
2;2676
0;138
0;143
1;1615
2;2978
0;194
0;218
1;1768
2;3258
0;118
0;215
1;1872
2;2766
0;118
0;158
1;1422
2;2536
0;124
0;134
1;1576
2;5825
0;93
0;49
0;92
0;124
0;60
0;232
0;114
1;2958
2;4027
1;2617
2;2887
0;76
0;60
0;66
0;236
0;141
2;2865
2;2939
0;133
0;132
0;112
0;213
0;158
2;3262
0;81
0;68
1;1300
1;1252
1;1238
0;116
0;79
0;52
0;51
0;80
0;51
0;50
0;61
0;60
0;95
0;133
0;105
0;60
0;189
0;57
0;105
0;112
0;60
0;64
0;110
0;119
0;65
0;115
0;142
0;110
0;107
0;73
0;104
0;56
0;110
0;59
0;108
0;56
0;105
0;109
0;74
0;65
0;121
0;117
0;65
0;117
0;111
0;109
1;2596
0;107
0;107
0;108
0;110
0;108
0;123
0;125
0;124
0;100
0;175
0;74
0;117
0;61
1;1855
0;116
0;55
0;110
0;55
0;111
2;5070
0;54
0;108
0;105
0;104
0;109
0;117
0;114
0;117
0;127
1;1844
1;1775
2;3468
1;1483
1;1581
2;3352
1;1568
2;3048
1;1524
1;1478
2;2911
1;1489
1;1469
2;2893
1;1471
1;1483
2;2911
1;1486
1;1615
2;3125
1;1521
1;1472
2;2908
1;1509
1;1498
2;3536
1;1495
2;2672
2;2688
2;2744
2;2899
2;2642
2;2651
2;2627
0;194
2;2817
2;3568
0;117
0;113
0;212
2;3163
0;113
0;108
0;190
2;2882
0;113
0;105
0;181
2;2410
0;126
0;108
0;204
2;2350
0;110
0;123
0;136
2;2310
0;132
0;152
0;115
2;2377
0;185
0;174
0;131
2;2448
0;165
0;169
0;120
2;2707
0;170
0;171
0;137
2;3971
0;173
0;174
0;176
2;2422
0;181
0;178
0;135
2;3148
0;161
0;118
0;136
2;2280
0;133
0;120
0;130
2;2405
0;191
0;189
0;134
2;4335
0;188
0;190
0;118
2;4026
1;1296
1;1001
0;123
0;174
0;174
0;56
0;52
0;110
0;115
0;76
0;53
0;120
0;122
0;49
0;52
0;104
0;106
0;47
0;46
0;99
0;99
0;49
0;51
0;110
0;112
0;50
0;47
0;100
0;99
0;50
1;1784
0;48
0;100
0;100
0;50
0;47
0;100
0;99
0;62
0;49
0;101
0;103
0;57
0;56
0;106
0;106
0;48
0;119
0;118
0;116
0;115
2;3298
0;106
0;108
0;102
0;102
0;115
0;117
0;107
0;108
0;106
0;113
0;104
0;103
0;121
0;121
0;116
0;120
0;101
0;102
2;2218
2;2265
2;2206
2;2215
2;2347
2;2240
2;2107
2;2268
0;75
0;56
0;55
0;55
0;60
0;61
0;63
0;53
0;55
0;61
0;53
2;2381
0;46
0;54
0;54
0;60
0;60
0;51
0;48
0;53
0;63
0;62
0;51
0;51
2;2834
1;2304
1;1992
2;3577
2;4285
2;2131
2;2171
2;2389
0;127
0;134
0;99
0;98
0;112
0;112
2;2342
0;109
0;109
0;95
0;95
0;107
0;107
0;97
0;97
0;100
0;105
0;109
0;108
0;95
0;95
0;108
0;109
0;96
0;102
0;101
0;100
2;2145
0;103
0;101
0;94
0;95
0;102
0;103
0;97
0;97
0;97
0;98
0;107
0;108
0;95
0;95
0;105
0;109
0;98
0;97
0;97
0;97
2;2238
1;2259
2;3558
1;1938
1;1881
2;3260
2;2058
2;2076
2;2022
2;2052
2;1996
2;2048
2;2016
2;2069
2;2028
2;2034
2;2043
2;2085
2;2017
2;2040
2;2040
2;2066
2;2046
2;2028
2;2035
2;2009
2;2008
2;2009
2;2031
2;2013
1;1309
1;1069
1;1041
1;1036
1;1073
1;1064
1;1041
1;1041
1;1044
1;1030
1;1035
1;1030
1;1016
0;126
0;187
0;188
0;56
0;55
0;105
0;112
0;105
0;105
1;1814
1;1858
2;4069
1;1844
1;1875
2;3665
1;1881
0;115
0;197
0;194
0;77
0;57
0;119
0;116
0;103
0;104
2;3675
1;1906
1;1857
2;3621
1;1864
1;1847
2;3623
1;1862
0;121
0;187
0;194
0;58
0;53
0;99
0;106
0;105
0;105
1;1896
2;3677
1;1860
1;1871
2;3635
1;1864
1;1814
0;99
0;148
0;152
0;53
0;52
0;101
0;104
0;107
0;107
2;5146
1;2033
1;1879
2;3755
1;1890
2;3499
1;1966
1;1868
2;2960
2;2045
2;2029
2;2035
1;2341
0;120
0;159
0;154
1;1376
0;125
0;157
0;152
1;1466
0;102
0;160
0;158
1;1440
0;111
0;109
0;89
1;1367
2;2262
2;1996
0;132
0;129
0;193
0;75
0;108
0;104
1;2523
2;2904
1;1979
0;82
0;44
0;46
2;2687
0;58
0;54
0;57
2;2751
2;2314
0;96
0;86
0;90
2;2632
1;1267
1;1323
2;2526
1;1208
2;2009
2;2012
2;1998
2;2026
2;2051
2;2035
2;2053
2;2019
2;2102
0;124
0;125
0;191
0;64
0;83
0;50
0;50
0;105
0;51
0;51
0;57
0;59
0;102
0;93
0;94
1;2030
2;2252
1;1220
2;2319
1;1189
1;1206
2;2357
1;1209
2;2023
2;1980
2;1953
0;145
0;189
0;181
0;88
0;96
0;107
0;60
0;58
0;89
0;94
0;64
0;106
0;116
0;57
0;49
0;87
0;96
0;91
0;91
0;102
0;101
1;2130
2;2386
1;1255
2;2326
1;1207
1;1247
2;2373
1;1207
1;1239
2;2386
1;1227
2;2092
2;2050
2;2024
2;2021
2;2045
2;2215
0;118
0;178
0;179
0;75
0;49
0;104
0;97
0;51
0;56
0;101
0;93
0;60
0;106
0;110
0;100
0;104
0;100
0;106
1;2099
2;2350
1;1274
2;2412
1;1225
1;1251
2;2382
1;1213
1;1234
2;2289
2;2114
2;2085
2;2111
2;2129
2;6411
0;208
0;136
0;213
0;207
1;3560
2;2250
0;100
0;110
1;1334
2;2446
0;66
0;40
0;56
0;118
0;179
0;61
0;51
0;104
0;55
0;55
0;100
0;50
0;51
0;98
0;53
0;96
0;49
0;61
0;108
0;51
0;51
0;124
0;44
0;53
0;93
0;57
0;66
0;113
0;49
0;48
0;92
0;51
0;59
0;95
1;2455
0;57
0;49
0;91
2;2695
0;91
0;99
0;110
0;94
0;97
0;113
0;91
0;97
0;103
1;2055
0;87
2;2654
1;2008
2;2446
1;2026
2;2305
1;1985
2;2439
1;2164
2;2326
1;2091
2;2317
1;2140
2;2374
1;2107
1;2040
2;2352
0;64
0;60
0;63
0;53
0;50
1;2119
0;52
0;60
0;62
0;53
2;2509
0;50
0;54
0;59
0;60
0;61
0;51
0;48
0;54
0;59
0;62
0;54
0;53
0;55
0;58
1;2078
0;119
0;90
2;2443
1;3761
2;4163
1;2201
2;2265
1;2080
2;2323
1;2140
2;2354
1;2154
2;2405
1;2047
0;118
0;111
2;2454
0;102
0;94
1;2127
0;98
0;99
0;96
0;108
0;101
0;98
0;103
0;96
0;112
2;2335
0;97
1;2073
0;92
0;105
0;99
0;99
0;109
0;97
0;102
0;110
0;99
1;2021
0;130
2;2369
0;84
1;1249
2;2385
2;2276
2;2162
1;1138
1;1163
1;1164
1;1108
1;1133
1;1146
1;1145
1;1200
1;1196
1;1164
1;1122
1;1121
1;1127
1;1182
1;1176
1;1307
1;1128
1;1120
1;1108
1;1102
1;1164
1;1146
1;1132
0;111
0;67
0;100
0;147
2;2160
2;2050
2;2037
3;3075
3;3133
3;3012
3;2994
3;3046
3;3021
3;3044
0;133
1;1566
3;3324
3;3043
3;3041
3;3152
3;3058
3;2929
3;2956
3;3021
3;2961
3;2949
3;2967
3;2960
3;2987
3;2955
3;2948
3;2955
0;99
0;60
0;51
0;42
0;43
0;72
0;41
0;42
0;41
0;41
0;41
0;40
0;41
0;53
0;46
0;127
0;42
0;66
0;52
0;182
0;54
0;58
0;58
0;58
0;111
0;47
0;48
0;56
0;95
0;50
0;94
0;52
0;74
0;79
0;122
0;52
0;50
0;49
0;91
0;48
0;50
0;93
0;71
0;70
0;55
0;101
0;57
0;52
0;93
0;70
1;2339
0;88
3;3753
1;1227
1;1233
1;1191
3;3514
1;1194
1;1229
1;1212
3;3503
1;1176
1;1208
3;3278
3;2971
3;2953
3;4557
3;3069
3;3099
0;106
0;133
1;3262
3;9354
0;196
0;149
0;128
0;116
1;1391
3;3316
0;106
0;104
1;1309
3;3449
0;124
0;181
1;1423
3;3588
0;117
0;166
1;1300
3;3533
0;127
0;179
1;1412
3;3415
0;104
0;161
1;1289
3;3285
0;119
0;115
1;1368
3;3286
0;78
0;41
0;54
0;201
0;201
0;101
0;105
1;1586
1;1294
3;4116
3;3367
1;2167
1;2278
3;3713
1;2369
0;130
0;83
0;132
0;96
0;106
0;103
0;78
0;60
0;71
0;60
3;3558
0;59
0;53
3;2987
0;75
0;49
0;42
0;42
0;43
0;42
0;42
0;56
0;51
0;53
0;41
0;44
0;45
0;178
0;184
0;49
0;53
0;55
0;126
0;127
0;58
0;51
0;119
0;126
0;50
0;51
0;114
0;116
0;48
0;46
0;92
0;102
0;50
0;98
0;54
0;104
0;94
0;101
0;1448
0;1425
0;159
0;107
1;3612
0;111
0;118
0;94
0;98
0;98
0;103
0;105
0;105
0;117
0;121
0;116
0;101
0;103
0;101
0;107
0;110
0;117
0;115
0;117
0;111
1;1415
0;99
0;102
0;96
0;113
0;114
3;5666
0;109
0;110
0;97
0;98
0;77
1;1292
1;1279
1;1264
3;3683
1;1252
1;1289
3;3682
1;1301
1;1373
1;1316
3;3828
1;1304
1;1328
1;1292
3;3735
1;1293
1;1283
1;1261
3;3717
1;1269
1;1293
3;3580
3;3291
3;3264
3;3252
3;3251
3;3327
3;3323
3;3365
3;3387
0;121
0;197
3;3371
3;3345
3;3350
1;1514
3;3598
0;130
0;159
1;1435
3;3415
0;137
0;167
1;1416
3;3388
0;118
0;144
1;1477
3;3465
0;63
0;40
0;73
0;166
0;148
0;48
0;58
0;39
0;41
0;43
0;47
0;45
0;44
0;48
0;53
0;51
0;51
0;52
0;54
0;77
0;54
0;42
0;43
0;43
0;44
0;44
0;44
0;42
0;41
0;45
0;45
0;46
0;47
0;65
0;87
0;49
0;51
0;84
0;45
0;44
0;84
0;42
1;2219
0;39
0;77
0;88
0;99
0;114
1;2020
3;7742
1;3525
1;1951
1;1942
3;5620
1;2004
1;2010
1;1988
3;5718
1;2048
1;2036
1;1996
3;5701
1;2019
1;2081
3;5851
1;2129
0;61
0;49
0;49
0;48
0;50
0;56
0;53
0;56
0;53
0;51
0;48
0;48
0;49
0;53
0;51
0;52
0;52
0;52
1;2055
0;45
0;47
0;49
0;49
0;47
0;140
0;55
1;2033
3;5795
1;1958
1;1388
1;1249
3;4288
1;1232
1;1319
1;1306
3;3785
3;3639
3;3407
3;3520
3;3583
3;3529
3;3510
3;3466
3;3635
1;1332
3;3827
1;1363
1;1391
1;1384
3;3943
1;1359
1;3271
1;1456
3;5866
1;1366
1;1406
1;1399
3;3996
1;1347
1;1410
3;3995
1;1344
1;1361
1;1354
3;3925
1;1353
1;1378
1;1350
1;1292
1;1266
1;1237
1;1254
1;1322
0;127
0;83
3;3570
3;3629
3;3752
3;3834
3;3953
3;3921
3;3689
3;3592
3;3601
3;3542
3;3774
3;3547
3;3616
3;3628
3;3602
3;3712
0;85
0;57
0;58
0;124
1;1562
1;1442
3;4118
1;1427
1;2986
1;1444
3;5967
1;1484
1;2517
3;4123
1;2443
3;3908
1;2477
1;2484
3;3890
1;2553
3;4027
1;2563
1;2519
3;4016
0;205
0;67
1;2318
1;2135
1;2101
1;2161
1;2187
1;1995
1;2095
1;2163
1;2160
1;2148
0;118
0;68
0;50
0;49
0;52
0;54
0;49
0;50
0;49
0;49
0;48
0;50
0;49
0;50
0;52
0;54
0;196
0;62
0;61
0;119
0;69
0;69
0;123
0;67
0;63
0;119
0;66
0;119
0;63
0;68
0;123
0;68
0;60
0;115
0;63
0;69
0;121
0;76
0;73
0;133
0;114
1;2605
0;69
1;2792
0;112
0;95
0;130
0;113
3;4786
1;1824
1;2695
1;1542
1;1545
1;2722
3;4308
1;1481
1;1558
1;2728
1;1499
3;4363
1;2738
1;1531
1;1519
1;2627
1;1497
3;4379
1;1721
1;1558
1;1557
1;1570
1;1559
1;1584
3;4594
1;1564
1;1568
1;2531
3;4192
1;2568
3;3901
3;3718
3;3681
3;3702
3;3748
3;3761
0;115
0;191
1;1591
3;4175
0;128
0;184
1;1572
3;3921
0;122
0;174
1;2449
3;6383
0;130
0;148
1;2316
3;3630
0;101
0;152
1;2203
3;3514
0;112
0;147
1;2178
3;3450
1;1231
1;992
0;180
0;132
0;62
0;95
1;2146
1;1760
1;1312
3;4236
3;3492
0;75
0;53
0;50
0;122
0;108
0;100
1;2148
1;1364
1;1305
1;1270
1;1303
1;1194
1;1358
1;1234
3;3385
3;3028
3;2977
1;1269
1;1066
1;1027
1;1034
1;1031
1;1025
1;1012
1;1062
1;1103
0;122
0;178
0;65
0;115
0;60
0;68
0;113
0;59
0;73
0;111
0;102
0;117
1;1594
1;1963
1;2868
1;3015
3;5666
1;2237
1;2133
3;3543
1;2093
1;2078
1;2116
1;2115
3;3594
1;2119
1;2106
0;156
0;144
0;70
0;73
0;56
0;59
0;68
0;68
0;71
0;72
0;84
0;86
0;57
0;61
1;2221
1;2222
3;3743
1;2135
1;2099
3;3570
1;2107
1;2104
1;2042
1;2065
1;2037
1;2037
3;5824
1;2044
1;2067
1;2060
1;2085
1;1214
1;1260
3;6471
1;1193
0;168
0;171
0;108
0;114
0;108
0;107
0;107
0;107
0;114
0;116
0;102
0;101
1;2105
1;2543
1;2144
1;2269
3;7005
1;2117
1;2090
1;2105
1;2087
1;2121
1;2049
3;6745
1;2083
1;2054
1;1392
1;1183
3;6185
3;5553
3;5610
3;5814
3;5594
3;5732
3;5418
3;3200
3;3125
3;3200
3;3273
1;1506
0;130
0;145
1;2391
1;1339
0;201
0;205
1;1467
1;1529
0;198
0;198
1;1425
1;1535
0;98
0;110
1;1353
1;1357
0;124
0;114
1;1530
1;1400
0;124
0;104
1;1354
1;1365
0;150
0;129
1;1459
1;1493
0;125
0;121
1;1405
1;1247
0;136
0;154
1;1550
1;1413
0;126
0;111
1;1413
1;1331
0;134
0;129
1;1512
1;1305
0;202
0;203
1;2527
1;1493
0;147
0;243
1;1606
1;1515
0;138
0;201
1;1539
1;1339
3;3094
3;2874
0;228
0;202
0;114
0;130
0;128
0;110
0;109
0;120
0;101
0;100
0;112
0;108
1;1687
0;103
0;98
0;102
0;103
0;124
0;108
0;103
0;105
1;2431
0;104
0;103
0;122
0;114
1;1162
0;96
0;97
0;108
0;110
0;112
0;110
0;103
0;103
0;116
0;110
1;1178
0;107
0;106
0;111
0;109
0;130
0;139
1;2104
0;102
0;100
0;108
0;109
1;1236
3;5774
1;1250
1;2121
1;1217
1;2113
1;1233
1;1218
1;1994
1;1139
1;1148
1;1983
1;1166
1;1148
1;2048
1;1253
1;2188
1;1193
1;1198
0;2186
0;108
1;1216
0;95
0;94
0;106
0;95
0;102
0;107
1;1176
0;93
0;89
0;103
0;97
0;93
0;102
1;1164
1;1199
1;1391
1;1274
0;142
1;1221
0;117
0;116
0;113
0;114
0;106
0;98
0;68
0;52
0;53
0;51
0;53
0;54
0;58
0;54
0;55
0;55
0;53
0;51
0;50
0;50
0;53
0;50
3;7979
0;117
0;101
0;100
0;106
0;107
0;98
0;95
0;101
0;107
0;100
3;5884
0;105
0;100
0;101
0;104
0;100
0;97
0;92
0;91
0;92
0;96
0;99
0;92
0;109
0;56
0;47
0;47
0;50
0;54
0;52
0;55
0;47
0;46
0;46
0;45
0;47
0;46
0;54
0;53
0;51
0;51
0;48
3;6067
0;46
0;50
0;50
0;50
0;49
1;1949
3;5527
1;1909
1;1885
1;1899
3;5475
1;1379
1;1055
1;1075
1;1040
1;1033
1;1050
1;1036
1;1082
1;1019
1;1037
1;1034
1;1032
1;1032
1;1034
1;1030
1;1026
1;1034
1;1043
1;1045
3;3465
3;3219
3;3085
3;3051
3;3112
3;3165
3;3148
3;3086
3;3033
3;2954
3;2951
3;2958
3;2952
0;180
0;212
0;208
0;94
0;110
0;114
0;104
0;117
0;116
1;2337
1;2072
3;5566
1;1970
3;3525
3;2976
3;3049
3;2999
0;118
0;185
0;183
0;122
0;105
0;111
0;101
0;105
0;103
1;2385
1;1999
3;5434
1;1894
3;3579
3;3106
3;3078
3;4440
0;130
0;168
0;180
0;52
0;50
0;99
0;99
0;108
0;107
1;2248
1;1924
3;5429
1;1913
3;3488
3;3061
3;3065
3;3068
0;127
0;179
0;59
0;178
0;53
0;109
0;111
0;106
0;111
1;2316
1;1906
3;5362
1;1886
3;3539
3;3079
3;3041
3;3001
3;9290
0;201
0;153
0;357
0;350
1;3532
3;3226
0;172
0;172
1;2531
3;3241
0;196
0;196
1;1362
3;3252
0;166
0;164
1;1306
3;3347
0;157
0;160
1;1255
3;3264
0;119
0;112
1;1369
3;5836
0;135
0;109
1;1405
3;3250
0;81
0;41
0;56
0;112
0;197
0;60
0;113
1;2429
3;3683
1;2055
3;3403
0;58
0;65
0;57
0;137
0;78
3;3385
0;126
0;111
3;3541
0;91
0;140
0;93
1;1271
3;3573
0;118
1;1174
0;60
1;1014
0;56
0;46
0;43
0;43
0;44
0;43
0;64
0;51
0;51
0;57
0;43
0;53
0;139
0;186
0;54
0;65
0;53
0;66
0;57
0;109
0;61
0;69
0;105
0;55
0;60
0;53
0;53
0;52
0;98
0;56
0;55
0;68
0;58
0;109
0;63
0;53
0;58
0;96
0;50
0;54
0;56
0;58
0;107
0;63
0;106
0;62
0;56
0;71
1;2165
0;101
0;61
0;64
0;61
0;104
0;59
0;51
0;54
0;49
0;96
0;54
0;55
0;58
0;102
0;61
0;101
0;98
0;108
3;3691
0;94
0;95
0;114
1;2063
1;1227
1;1261
3;3502
1;1247
1;1302
3;3784
1;1312
1;1374
1;1354
3;3831
1;1249
1;1254
1;1249
3;3623
1;1279
1;1316
1;1301
3;3717
3;3302
3;3255
3;3175
3;3154
3;4859
3;3271
3;3201
3;3236
0;126
3;3331
0;185
3;3265
3;3339
3;3395
3;3608
0;111
0;140
0;168
3;3479
0;119
0;124
0;154
3;3467
0;120
0;119
0;166
3;3551
0;116
0;147
0;109
3;3269
0;100
0;126
0;126
3;3484
0;103
0;140
0;127
3;3366
0;120
0;118
0;119
3;4637
0;118
0;160
0;108
3;3992
0;130
0;119
0;132
3;3318
0;174
0;145
0;121
3;3444
0;183
0;115
0;110
3;3381
0;227
0;159
0;121
3;3511
0;189
0;126
0;138
3;3651
0;199
0;147
0;140
3;3239
0;189
0;131
0;118
3;3400
0;193
0;129
0;127
3;3342
0;177
0;154
0;137
3;3295
0;131
0;134
0;129
3;3575
0;137
0;118
0;123
3;3328
0;138
0;192
0;134
3;3585
0;143
0;148
0;137
3;3432
0;108
0;132
0;132
3;4585
0;130
0;136
0;142
3;3379
0;204
0;148
0;134
3;3765
0;180
0;124
0;151
3;3306
0;219
0;159
0;160
3;3585
0;149
0;177
0;156
3;6034
0;116
0;157
0;214
3;5797
0;114
0;133
0;124
1;1183
1;1038
0;135
0;116
0;125
0;61
0;64
0;69
1;2000
1;3754
3;8228
1;2135
1;1856
1;1995
3;5837
1;2147
0;63
0;84
0;53
0;48
0;45
0;45
0;116
0;89
0;88
1;2337
1;2062
1;1900
1;1810
3;3099
3;3043
3;2988
1;1336
1;1045
1;1029
1;1028
1;1052
1;1048
1;1094
1;1065
1;1037
0;126
0;129
0;171
0;72
0;77
0;56
0;56
0;107
0;56
0;56
0;54
0;55
0;100
0;58
0;59
0;99
0;98
0;102
1;1828
1;1806
1;1881
3;5889
1;1784
1;1843
3;5322
1;1802
0;131
0;142
0;148
0;58
0;66
0;69
0;56
0;63
0;65
0;72
0;73
0;59
0;54
0;52
0;51
0;49
0;47
0;51
0;48
0;50
0;55
1;1924
1;1822
3;5479
1;1841
1;1802
1;1827
3;5330
1;1814
1;1834
1;1816
3;5346
1;1793
1;1888
0;141
0;194
0;170
0;67
0;64
0;71
0;116
0;55
0;57
0;53
0;98
0;49
0;53
0;50
0;79
0;93
0;102
0;100
3;5310
1;1974
1;1820
1;1855
3;5424
1;1804
1;1876
1;1913
3;5486
1;1923
1;1895
3;4535
3;3073
3;3045
3;4448
3;3189
3;3069
3;3098
3;3020
3;3043
3;3062
3;3096
1;1406
3;9241
0;199
0;203
0;137
0;205
1;1516
3;3245
0;121
0;101
1;1294
3;3321
0;108
0;94
1;1393
3;3291
0;115
0;114
1;1415
3;3300
0;115
0;103
1;2093
3;3435
0;124
0;124
1;2260
3;4141
0;141
0;127
1;2268
3;3426
0;114
0;114
1;1345
3;3390
0;120
0;106
1;1394
3;3535
0;1088
0;115
1;1603
3;3401
0;137
0;119
1;2206
3;3370
0;141
0;120
1;1420
3;3241
0;146
0;164
1;1388
3;3285
0;140
0;119
1;1488
3;3549
0;157
0;141
1;1389
3;3447
0;142
0;121
1;1388
3;3402
0;127
0;116
1;1426
3;3513
0;131
0;134
1;1419
3;3314
0;129
0;128
1;1369
3;3463
0;116
0;195
1;1483
3;5642
0;77
0;44
0;95
0;208
0;189
0;52
0;53
0;108
0;58
0;57
0;104
0;58
0;53
0;99
0;57
0;56
0;99
0;58
0;53
0;105
0;49
0;102
0;56
0;61
0;106
0;61
0;58
0;98
0;58
0;57
0;104
0;60
1;2340
0;52
0;101
0;50
0;55
0;108
0;114
0;108
0;119
3;3618
0;106
0;106
0;125
0;112
1;2052
0;104
0;115
0;103
1;1986
3;3523
1;2066
3;3424
1;1956
1;2008
3;3389
1;2112
1;2144
3;3503
1;2152
3;5134
1;3843
1;2187
3;3725
1;2105
3;3626
1;2059
0;68
0;65
0;53
0;56
0;61
0;63
0;59
1;2181
0;48
0;48
0;53
0;60
0;60
0;50
0;53
0;55
0;63
0;59
0;51
3;3717
0;46
0;51
0;56
0;57
0;63
0;139
0;58
1;2094
1;2129
3;3481
1;2071
3;3487
1;2172
1;2135
3;3482
1;2082
3;3783
1;2184
1;2120
3;3498
3;3491
3;3494
3;3367
3;3357
3;4174
3;3769
3;3511
3;3497
1;1248
1;1259
1;1241
1;1215
1;1222
1;1311
1;1312
1;1329
1;1325
1;1225
1;1242
1;2844
1;1325
1;1224
1;1254
1;1334
1;1398
1;1376
1;1373
1;1367
3;4038
1;1360
1;1398
1;1366
3;4031
0;148
0;82
3;3467
3;3432
0;96
0;55
0;56
3;3650
1;1494
1;1374
1;1415
3;4012
1;1417
1;1341
1;1341
3;3977
1;1354
1;1378
1;1422
3;4065
1;1440
1;1471
3;4265
1;1444
1;1447
1;1405
3;4090
1;1338
1;1418
1;1369
3;4080
1;1380
1;1415
1;1356
3;4019
1;1365
1;1394
1;1350
3;3982
0;123
0;81
3;3393
3;3343
3;3410
3;3357
3;3357
3;3291
0;134
3;3315
3;3308
3;3307
3;3297
0;125
0;70
0;48
0;48
0;51
0;48
0;47
0;49
0;49
0;48
0;48
0;47
0;48
0;96
0;202
0;121
0;131
0;120
0;115
0;116
0;72
0;125
0;139
0;118
0;116
0;112
0;116
0;76
0;64
0;120
0;135
0;123
0;128
0;114
0;117
1;2738
1;2738
0;58
0;57
0;124
0;127
0;112
0;111
0;125
0;129
3;4077
0;93
0;97
1;2392
1;2392
1;2347
3;5085
1;2356
1;3531
1;2430
3;4055
1;2421
1;2333
1;2379
1;2358
3;3971
1;2344
1;2415
3;3978
1;2403
1;2402
1;2462
1;2461
3;3975
1;2470
1;2468
3;3951
1;2438
1;2438
1;2448
1;2461
3;3798
3;3455
3;3423
3;3510
3;3392
0;128
1;2437
1;2437
3;4083
0;111
0;54
0;207
1;2726
1;2724
3;3641
0;206
1;2447
1;2461
3;3788
0;135
1;2183
1;2188
3;3530
0;122
1;2234
1;2235
3;3476
0;155
1;2251
1;2251
3;5161
0;137
1;2156
1;2165
3;4662
0;124
1;2144
1;2137
3;3296
0;134
1;2355
1;2358
3;3528
0;124
1;2296
1;2305
3;3419
0;213
1;2246
1;2246
3;5943
0;195
1;2225
1;2225
3;3277
0;151
1;2201
1;2202
3;3414
0;206
1;2157
1;2157
3;5640
0;135
1;2113
1;2117
3;3394
0;156
1;1942
1;2052
3;3679
0;144
1;1731
1;1687
3;3722
0;130
1;1599
1;1608
3;3445
0;145
1;1542
1;1754
3;3605
0;139
0;76
0;48
0;52
0;163
0;64
0;64
0;63
0;65
0;70
0;67
0;56
0;55
0;57
0;52
0;59
0;59
0;66
0;66
0;66
0;56
0;59
1;2592
0;57
0;66
0;59
0;56
1;2228
3;6758
1;2177
1;2224
1;2681
1;2186
3;6164
1;2325
1;2157
1;2268
1;2166
1;2264
1;2218
3;6249
1;2259
1;2297
1;2244
1;2281
1;2264
3;6527
1;2270
1;2253
1;2314
1;1530
1;1400
1;2391
1;1419
3;6777
1;1381
1;2358
1;1377
1;2393
1;1422
1;1354
1;2361
1;1371
3;6791
1;1388
1;2370
1;1379
1;1402
1;2373
1;1441
1;2450
1;1417
3;6915
1;1420
1;2419
1;2508
0;85
0;70
0;63
0;68
0;63
0;65
0;74
0;91
0;65
3;7019
0;59
0;57
1;2370
0;61
0;61
0;64
0;62
0;68
0;69
0;62
0;61
0;58
0;70
0;62
0;65
0;137
0;78
3;6533
3;6674
3;8198
3;4237
3;3979
1;1532
3;4316
1;1477
1;1510
3;4340
1;1494
1;1513
1;1485
3;4329
1;1478
1;1523
1;1483
3;4384
1;1461
1;1488
1;1486
3;4388
1;1548
1;1584
1;1636
3;4588
1;1502
1;1514
1;1549
3;4527
1;1629
1;1662
3;4922
1;1582
1;1585
1;1598
0;161
0;90
3;4478
3;3888
3;3907
3;3783
3;3763
3;5204
3;3897
3;3846
3;3768
3;3855
3;3896
3;3825
3;3795
3;3810
0;152
3;3711
3;3733
3;3750
3;3785
3;3731
3;3724
1;1674
3;4181
1;1586
1;1538
3;5272
2;3010
2;2929
3;4446
2;2952
3;4347
0;146
2;2845
0;76
2;2443
2;2431
2;2461
2;2419
2;2465
2;2454
2;2454
2;2470
2;2421
2;2435
1;1762
2;2631
2;2369
2;2411
2;2365
2;2391
2;2349
2;2399
2;2353
2;2372
0;119
0;78
0;53
0;52
0;52
0;51
0;51
0;52
0;52
0;51
0;51
0;51
0;53
0;56
0;52
0;63
0;213
0;69
0;72
0;125
0;85
0;141
0;84
0;1704
0;1767
0;111
0;118
0;116
0;112
0;126
0;134
0;122
0;125
0;113
0;117
1;4035
0;118
0;125
0;121
0;164
0;127
0;126
0;122
0;116
2;6004
0;156
0;132
1;2357
3;8036
1;2020
2;3636
1;1651
1;1605
3;4666
2;3180
1;1598
1;1657
2;3214
1;1607
3;4733
1;1707
2;3229
1;1606
3;4760
1;1756
2;3148
1;1597
2;3007
3;4672
2;2965
3;4624
2;3082
2;3099
3;4422
2;2876
3;4439
2;2969
3;3741
3;3692
3;3773
3;3580
0;192
3;3768
3;3552
1;1609
2;2876
0;106
0;192
1;1466
2;2650
0;184
0;118
1;1402
2;4388
0;122
0;134
1;1432
2;2367
0;106
0;131
1;1402
2;2359
0;133
0;118
1;1416
2;2398
3;3225
3;3013
0;126
0;191
0;71
0;106
1;2470
3;3984
1;1479
2;4850
2;3895
0;59
0;54
0;57
1;1334
3;4030
1;1259
1;1285
3;3735
3;3554
0;113
0;89
0;95
3;3614
2;2511
3;3797
2;2347
2;2141
3;3340
3;3226
3;3232
3;3302
3;3305
3;3230
3;3064
3;3160
3;3211
0;133
0;201
0;88
0;119
0;68
0;69
0;118
0;64
0;68
0;131
0;108
1;1672
0;122
1;1643
3;3945
2;3849
1;1437
1;1425
2;2723
3;4036
1;1418
2;4564
1;3142
3;5526
2;2494
2;2523
3;3806
2;2594
3;3580
3;3201
0;134
0;207
0;78
0;70
0;119
0;65
0;63
0;107
0;68
0;118
0;75
0;118
1;1647
0;107
0;110
1;1426
2;3754
3;3980
1;1377
1;1402
2;2762
1;1406
3;4109
1;1373
2;2684
1;1402
2;2662
3;4041
2;2536
3;3857
2;2537
3;3816
2;2532
3;3281
3;3258
3;3216
3;3250
3;3276
0;125
0;199
0;90
0;61
0;116
0;64
0;119
0;73
0;75
0;120
0;124
0;108
1;2862
2;3755
3;4026
1;2544
2;2656
3;4066
1;2194
2;2841
1;1555
1;1493
2;2902
3;4405
1;1500
2;2679
3;4000
2;2629
3;3490
3;3233
3;3272
3;3192
3;9020
0;202
0;224
1;3991
1;3503
2;7108
3;3224
0;123
0;113
2;2260
3;3541
0;107
0;119
2;2538
3;3343
0;122
0;117
2;2346
3;3345
0;120
0;98
2;2384
3;3487
1;1180
1;1007
0;1473
0;1535
0;69
0;64
0;98
0;57
0;98
0;55
0;60
0;101
0;59
0;98
0;53
1;2607
0;55
0;97
0;47
0;45
0;106
0;48
0;50
0;89
0;57
0;51
0;97
0;51
0;52
0;89
0;50
0;57
0;105
0;48
0;92
0;48
0;51
0;92
0;115
0;109
0;105
0;104
3;5043
0;106
0;100
2;5632
0;112
0;94
0;105
3;3657
2;3930
3;3380
2;3853
3;3516
2;4097
3;3468
2;4013
3;3439
2;4010
0;70
0;58
3;3599
0;52
0;55
0;60
0;62
0;64
0;55
0;54
0;56
0;63
0;62
0;68
0;56
0;59
0;60
0;57
0;52
0;50
0;54
0;61
0;58
0;55
3;3598
2;4052
1;1589
1;1375
3;3618
2;4255
3;3469
1;2906
1;1238
1;1337
3;3708
0;72
0;64
1;1310
0;52
0;54
0;61
0;67
0;61
0;55
0;56
0;59
0;73
0;57
1;1291
0;49
0;58
0;61
0;70
0;69
0;55
0;54
0;63
0;69
0;67
0;52
1;1291
3;3747
1;1306
1;1760
1;1342
1;1434
1;1345
3;3843
1;1208
1;1236
3;3627
1;1264
0;1273
0;52
3;3647
3;3356
3;3219
3;3555
3;3516
3;5014
0;66
0;64
0;52
0;47
0;59
0;64
0;53
0;51
0;54
0;60
0;62
0;52
3;3647
0;45
0;53
0;54
0;59
0;62
0;50
0;52
0;53
0;59
0;62
0;51
1;1664
3;3724
1;1552
3;3330
3;3254
3;3164
3;3151
3;3123
3;3176
3;3168
3;3196
3;3139
3;3124
3;3109
3;3757
3;5488
3;5358
3;5404
3;5622
3;5441
3;5600
0;124
3;5546
3;5539
3;5446
0;133
3;5612
3;5552
1;1418
1;1151
1;1405
1;1215
1;1165
1;1114
1;1106
1;1107
1;1161
1;1160
1;1114
1;1092
1;1082
0;132
0;182
0;182
0;55
0;50
0;107
0;105
0;106
0;107
1;1570
1;1240
1;1251
1;1283
3;6795
1;1270
0;133
0;184
0;185
0;57
0;56
0;108
0;125
0;112
0;111
1;1643
1;1445
1;1244
3;5623
1;1238
1;1289
0;140
0;195
0;196
0;64
0;54
0;105
0;122
0;106
0;104
1;1664
1;1304
1;1306
3;6137
1;2946
1;1403
0;209
0;205
0;205
0;107
0;109
0;109
0;120
0;128
0;128
3;5984
1;1761
1;1308
1;1346
3;4506
1;1390
1;1352
3;5440
3;4529
3;3387
3;3386
3;3373
3;3371
3;3321
3;3333
1;2091
3;9787
0;219
0;351
0;362
0;131
1;1357
3;3358
0;148
0;181
1;1292
3;3336
0;108
0;163
1;1421
3;3534
0;61
0;45
0;54
0;120
0;178
0;54
0;99
1;2401
3;4013
1;2125
3;3640
0;60
0;52
0;50
0;109
0;67
3;3470
0;123
0;97
0;107
0;123
0;79
3;3480
1;1249
3;3563
1;1241
0;102
0;90
1;1070
0;52
0;46
0;43
0;42
0;44
0;43
0;42
0;48
0;50
0;44
0;45
0;58
0;170
0;54
0;52
0;57
0;65
0;113
0;59
0;97
0;58
0;104
0;83
0;53
0;58
0;58
0;99
0;51
0;56
0;59
0;61
0;110
0;58
0;51
0;50
0;51
0;99
0;54
0;54
0;102
0;64
0;69
0;63
0;109
0;53
0;110
1;2259
0;109
0;65
0;51
0;97
0;54
0;83
0;64
0;68
0;105
0;64
0;64
0;56
0;107
0;57
0;52
0;55
0;61
0;104
0;62
0;61
0;106
3;3721
0;96
0;95
0;104
0;117
0;96
1;2160
1;2150
3;5285
1;2066
1;2093
1;2107
3;6335
1;2067
1;2066
1;2053
3;6016
1;2023
1;2099
1;2122
3;6341
1;2091
1;2082
1;2105
3;6122
1;2138
1;2129
1;2202
3;6346
3;5958
0;112
3;6170
3;5936
3;6192
3;6131
3;7543
3;6014
1;1599
3;6016
3;5968
3;5771
3;5868
0;112
3;3921
0;189
1;1581
3;3937
0;116
0;176
1;1408
3;3397
0;116
0;176
1;1308
3;3540
0;129
0;165
1;1366
3;3363
0;110
0;141
1;1350
3;3284
0;92
0;46
0;61
0;186
0;193
0;133
0;138
1;1650
1;1327
3;3998
3;3681
1;1235
1;1255
1;1260
0;142
0;90
3;3393
0;144
0;96
0;112
0;103
0;109
0;51
3;5200
0;126
0;69
0;51
3;3096
0;63
0;51
0;42
0;42
0;43
0;42
0;63
0;56
0;52
0;57
0;42
0;47
0;159
0;159
0;56
0;61
0;118
0;117
0;67
0;56
0;114
0;111
0;49
0;56
0;104
0;104
0;62
0;61
0;115
0;117
0;61
0;49
1;1575
0;104
0;100
0;52
0;58
0;111
0;112
0;102
0;101
0;65
0;59
0;108
0;111
0;63
0;113
0;112
0;66
0;56
0;112
0;112
0;61
0;56
0;110
0;110
1;1375
0;65
0;54
0;110
0;111
0;107
0;108
0;122
0;127
3;4001
0;104
0;103
0;108
0;109
1;1267
0;107
0;111
0;114
0;114
0;60
1;1290
1;1299
3;3702
1;1291
1;1280
1;1286
3;3680
1;1261
1;1264
3;3706
1;1283
1;1295
1;1295
3;3824
1;1306
1;1296
1;1305
3;3834
1;1316
1;1296
3;3519
3;3295
3;3371
3;3380
3;3328
3;3271
3;3262
3;3324
0;131
3;3425
0;199
3;3355
3;3432
3;3377
1;1575
3;3730
0;121
0;176
1;1509
3;4135
0;113
0;114
1;1440
3;3613
0;124
0;126
1;1411
3;5219
0;76
0;40
0;53
0;119
0;179
0;54
0;96
1;1526
1;1220
3;6217
3;5806
0;57
0;51
0;47
0;137
0;82
1;1146
1;1146
1;1096
0;95
0;60
0;100
0;90
0;94
0;75
0;55
3;3134
3;3120
3;2972
0;106
0;68
0;42
0;42
0;43
0;42
0;45
0;58
0;50
0;43
0;42
0;48
0;168
0;173
0;50
0;98
0;52
0;102
0;55
0;56
0;114
0;50
0;106
0;52
0;100
0;54
0;97
0;51
0;104
0;62
0;109
0;46
0;46
0;94
0;91
0;44
1;1542
0;98
0;93
0;56
0;93
0;98
0;55
0;55
0;105
0;103
0;57
0;48
0;101
0;105
0;47
0;53
0;93
0;92
0;50
0;96
0;99
0;91
0;102
0;103
1;1426
0;92
0;92
0;92
0;93
0;102
0;93
0;93
0;96
0;101
0;99
1;1174
3;5451
1;1231
1;1204
1;1229
3;3512
1;1222
1;1190
1;1196
3;3620
1;1209
1;1258
1;1228
3;3615
1;1204
1;1233
1;1236
3;3643
1;1227
1;1307
1;2780
3;5163
3;3130
3;3042
3;3039
0;105
0;176
0;115
1;1559
0;163
0;110
0;171
1;1366
0;189
0;117
0;187
1;1486
0;112
0;103
0;158
1;1429
3;3369
3;3010
0;128
0;208
0;54
0;213
0;94
0;123
1;2634
1;2038
3;5986
3;5939
3;5625
3;5810
3;6047
0;75
0;46
0;48
3;5746
3;7138
3;3372
0;77
0;50
0;53
3;3592
3;3352
3;3309
3;3589
0;126
0;97
0;107
3;3791
1;1285
1;1311
1;1281
3;3642
3;3266
3;3247
3;3275
3;3204
3;3203
3;3256
3;3328
3;3221
2;3238
2;2173
0;187
0;177
0;183
0;104
0;110
0;113
0;115
0;117
0;109
0;117
0;129
0;112
0;100
0;105
0;104
0;113
0;114
0;112
1;2262
2;2447
1;1318
2;2520
1;1301
1;1353
2;2592
1;1352
1;1319
2;2431
2;2153
2;2143
0;189
0;196
0;196
0;105
0;114
0;114
0;104
0;108
0;113
0;118
0;114
0;121
0;96
0;103
0;103
0;106
0;111
0;112
0;99
0;105
0;105
1;2288
2;2444
1;1311
2;2524
1;1304
1;1307
2;2625
1;1317
1;1356
2;2603
1;1326
2;2218
2;2152
2;2169
2;2300
2;2392
2;2183
0;180
0;188
0;192
0;107
0;101
0;113
0;97
0;102
0;124
0;112
0;114
0;115
0;103
0;101
0;105
0;109
0;112
0;114
1;2180
2;2464
1;1294
2;2551
1;1294
1;1316
2;4104
1;2957
1;1295
2;2435
2;2189
2;2181
2;2143
2;2173
2;6143
0;236
0;357
0;357
1;3578
1;3233
2;2317
0;161
0;190
0;194
2;2321
0;166
0;176
0;175
2;2433
1;1246
1;989
0;174
0;183
0;186
0;91
0;106
0;105
1;1969
2;2585
2;2289
0;51
0;45
0;45
1;1375
1;1187
2;2080
2;2071
2;2163
1;1348
1;1128
0;57
0;49
0;47
0;61
0;49
0;59
1;1389
1;1114
1;1052
1;1050
1;1033
1;1064
1;1107
1;1062
0;1114
0;50
0;79
0;109
0;57
0;172
0;82
0;127
0;57
0;51
0;103
0;53
0;104
0;54
0;56
0;54
0;99
0;46
0;101
0;46
0;46
0;92
0;94
0;96
0;100
0;63
0;104
0;70
0;102
0;54
0;46
0;92
0;59
0;97
0;51
0;58
0;59
0;107
0;63
0;107
0;53
0;51
0;51
0;99
0;99
0;46
0;50
0;96
0;96
0;104
0;102
2;2480
0;90
0;90
0;62
0;50
0;58
0;102
0;79
0;81
0;137
0;56
0;51
0;95
0;46
0;51
0;99
0;50
0;54
0;99
0;59
0;106
0;59
0;52
0;108
0;57
0;107
0;93
0;97
0;104
0;105
0;95
2;2201
0;42
0;58
2;2085
2;2047
2;2050
2;2067
2;2115
2;2148
2;2019
2;2049
2;2075
2;2114
2;2105
2;2028
2;2055
2;3165
2;2153
2;2176
2;6285
0;209
0;225
0;127
0;226
0;349
2;3674
0;113
0;102
0;117
2;3931
0;95
0;126
0;153
0;60
0;47
0;81
0;60
0;100
0;99
0;45
0;94
0;95
2;2773
2;2220
0;50
0;42
0;43
0;175
0;94
2;2051
2;2277
2;2036
0;135
0;46
0;95
0;84
0;84
0;120
0;71
0;77
0;41
0;42
0;55
0;45
0;41
0;41
0;41
0;41
0;41
0;49
0;49
0;78
0;79
0;107
0;126
0;168
0;87
0;83
0;90
0;94
0;81
0;88
0;92
0;78
0;91
0;96
0;93
0;89
0;86
0;92
0;96
0;90
0;86
0;90
0;89
0;83
0;96
0;91
0;91
0;91
0;97
0;91
0;91
0;83
0;84
0;95
0;95
0;88
0;91
0;95
0;96
0;85
0;86
0;85
0;95
0;89
0;85
0;87
0;90
0;89
0;84
0;87
0;91
0;100
0;123
0;107
0;107
0;89
0;99
0;102
0;104
0;94
0;91
0;94
0;94
0;91
2;4102
0;92
0;90
0;92
0;83
0;88
0;91
0;92
0;91
0;82
0;92
0;93
0;89
0;93
2;4409
2;3728
2;3601
2;3705
2;3660
2;3467
2;3685
2;2328
2;2062
2;2037
2;2056
2;2053
2;2059
2;2116
2;2100
2;2116
2;2086
0;101
2;6285
0;201
0;337
0;337
0;124
0;143
2;2236
0;119
0;105
0;138
2;2312
0;119
0;104
0;175
2;2282
0;107
0;108
0;170
2;2443
0;149
0;154
0;109
2;2398
0;183
0;102
0;104
2;2554
0;84
0;45
0;81
0;111
0;177
0;55
0;53
0;192
0;103
2;6459
2;4262
0;70
0;64
0;53
0;106
0;180
0;96
0;93
0;107
0;52
0;111
0;103
0;102
0;80
0;59
2;2299
2;2274
2;2278
0;133
0;73
0;50
0;50
0;51
0;50
0;50
0;56
0;54
0;87
0;120
0;174
0;173
0;94
0;55
0;103
0;101
0;57
0;100
0;54
0;111
0;54
0;107
0;107
0;54
0;103
0;106
0;107
0;101
0;96
0;101
0;94
0;96
0;59
0;99
0;51
0;101
0;100
0;97
0;53
0;53
0;105
0;101
0;103
0;54
0;54
0;101
0;98
0;101
0;49
0;100
0;98
0;101
0;100
0;99
0;103
0;104
0;105
0;106
0;58
0;51
0;67
0;105
0;64
0;135
0;170
0;52
0;95
2;3873
0;47
0;102
0;98
0;46
0;96
0;47
0;108
0;99
0;47
0;107
0;101
0;98
0;107
0;104
0;102
0;108
0;106
0;104
0;103
0;49
2;2743
2;2233
2;2214
2;2239
2;2204
2;2223
2;2218
2;2198
2;2228
2;2241
2;2225
2;2210
2;2228
2;2289
2;2237
2;2227
2;2257
0;116
2;4636
0;210
0;208
0;216
0;127
0;128
2;3709
0;105
0;124
0;105
2;3987
0;112
0;109
0;119
2;2575
0;114
0;108
0;142
2;2367
0;102
0;105
0;120
2;2476
0;104
0;91
0;146
2;2348
0;57
0;39
0;78
0;129
0;140
0;177
0;46
0;79
0;39
0;89
0;69
0;42
0;42
0;41
0;78
0;41
0;42
0;43
0;43
0;80
0;43
0;43
0;46
0;44
0;80
0;43
0;43
0;39
0;40
0;78
0;40
0;40
0;41
0;77
0;40
0;38
0;39
0;41
0;79
0;41
0;41
0;41
0;40
0;79
0;40
0;46
0;47
0;83
0;45
0;44
0;45
0;45
0;84
0;43
0;40
0;40
0;41
0;82
0;42
0;90
0;102
0;110
0;95
0;103
0;100
0;93
0;93
0;91
2;4058
0;86
2;3652
2;3725
2;4009
2;3704
0;62
0;59
0;61
0;64
0;51
0;57
0;47
0;48
0;46
0;47
0;48
0;46
0;49
0;48
0;51
0;53
0;52
0;49
0;52
0;45
0;47
0;45
0;44
0;39
2;3863
0;41
0;41
0;42
0;42
0;44
0;43
0;44
0;45
0;45
0;47
0;45
0;46
0;51
0;50
0;49
0;48
0;50
0;47
0;45
0;120
0;46
0;45
0;71
0;45
0;61
0;55
2;3610
2;3586
2;3676
2;3513
0;102
0;88
0;92
0;93
0;90
0;89
0;93
0;91
0;88
0;88
0;90
0;97
0;88
2;3478
0;84
0;93
0;87
0;91
0;89
0;87
0;87
0;93
0;91
0;89
0;127
0;75
2;2829
2;1985
2;1990
2;2015
2;1987
2;2005
2;1999
2;2022
2;1968
2;1995
2;1960
2;2095
2;2034
2;2028
3;2991
3;2992
3;2963
3;2923
3;2845
3;2861
3;2867
0;137
3;2925
0;128
3;2975
3;2956
3;2898
3;3068
3;3200
3;2936
0;170
0;117
3;2993
3;2901
3;3065
3;2884
3;2895
3;2853
3;2885
3;3003
3;2876
0;107
0;64
0;45
0;44
0;40
0;40
0;39
0;40
0;40
0;40
0;40
0;40
0;39
0;54
0;46
0;115
0;43
0;117
0;195
0;43
0;46
0;48
0;45
0;46
0;44
0;88
0;42
0;44
0;46
0;56
0;53
0;54
0;94
0;48
0;51
0;49
0;46
0;90
0;42
0;56
0;102
0;52
0;52
0;43
0;43
0;44
0;40
0;84
0;44
0;44
0;44
0;45
0;87
0;58
0;59
0;59
0;48
0;94
0;52
0;58
0;48
0;47
0;91
0;65
0;85
0;54
0;84
0;88
0;94
0;91
3;4210
3;2957
3;2968
3;2977
3;4430
3;2968
3;2929
3;2919
3;2932
3;2973
3;3031
3;2956
3;2954
3;2934
0;113
0;175
0;134
0;125
0;123
0;146
0;121
0;113
0;128
0;159
3;3419
3;2903
0;135
0;114
0;112
0;193
0;52
0;51
0;63
0;94
3;5941
0;69
0;70
0;55
0;53
0;45
0;45
0;53
0;44
0;44
0;112
0;98
0;91
3;5351
3;3310
3;3273
3;3244
3;3148
3;3104
3;3139
3;3228
3;3159
3;3096
2;3235
2;2191
0;120
0;117
0;182
0;177
0;53
0;51
0;95
0;101
0;55
0;56
0;64
0;70
0;110
0;50
0;119
0;51
0;45
0;44
0;91
0;92
0;92
0;90
0;90
0;91
2;2829
2;2107
2;2118
2;2091
2;2072
2;2080
0;121
0;181
0;133
0;181
0;54
0;54
0;95
0;54
0;97
0;51
0;51
0;98
0;81
0;54
0;109
0;45
0;85
0;97
0;95
0;71
0;89
0;112
0;94
0;90
0;92
0;96
0;91
0;100
2;2851
2;2081
2;2112
2;2096
2;2097
2;2117
2;2074
2;2074
2;2095
2;2169
0;119
0;120
0;121
0;177
0;57
0;62
0;65
0;57
0;52
0;53
0;99
0;52
0;53
0;57
0;101
0;53
0;54
0;53
0;46
0;47
0;46
0;93
0;94
0;94
2;2778
2;2087
2;2134
2;2117
2;2118
2;2127
2;2150
2;2071
2;6345
0;210
0;234
0;209
0;171
0;267
2;2333
0;110
0;117
0;100
2;2330
0;126
0;137
0;110
2;2453
0;176
0;109
0;105
2;2492
0;152
0;96
0;102
2;2297
0;173
0;115
0;103
2;2530
0;74
0;43
0;83
0;194
0;122
0;44
0;46
0;201
0;119
2;4242
2;3556
0;74
0;53
0;41
0;56
0;77
0;160
0;80
0;77
0;43
0;104
0;89
0;90
0;92
0;69
2;2098
2;2003
2;2014
0;72
0;43
0;41
0;41
0;43
0;41
0;47
0;71
0;74
0;75
0;115
0;174
0;103
0;164
0;47
0;56
0;88
0;108
0;109
0;50
0;87
0;91
0;47
0;95
0;48
0;94
0;91
0;98
0;92
0;89
0;84
0;85
0;89
0;64
0;88
0;48
0;89
0;88
0;89
0;48
0;47
0;93
0;93
0;90
0;48
0;43
0;89
0;90
0;89
0;56
0;92
0;93
0;91
0;91
0;95
0;87
0;95
0;98
0;92
0;53
0;46
0;57
2;3256
0;80
0;55
0;115
0;155
0;44
0;89
0;44
0;86
0;45
0;88
0;90
0;45
0;91
0;89
0;48
0;95
0;94
0;91
0;95
0;90
0;87
0;89
0;90
0;88
0;88
0;47
0;62
2;2577
2;2002
2;2015
2;1996
2;2044
2;2046
2;2066
2;1968
2;1983
2;1970
2;1985
2;2008
2;2055
2;2050
2;2071
2;2039
2;2012
2;6412
0;225
0;219
0;223
0;339
0;126
2;3615
0;109
0;101
0;88
2;2387
0;120
0;114
0;121
2;2285
0;110
0;98
0;141
2;2255
0;100
0;103
0;142
2;2325
0;118
0;95
0;139
2;3939
0;62
0;40
0;71
0;105
0;163
0;177
0;54
0;48
0;100
0;98
0;53
0;54
0;99
0;99
0;45
0;46
0;91
0;97
0;44
0;48
0;93
0;95
0;75
0;55
0;101
0;102
0;47
0;44
0;92
0;92
0;49
0;99
0;96
0;57
0;56
0;99
0;99
0;61
0;43
0;94
0;94
0;47
0;57
0;101
0;100
0;53
0;44
2;2570
0;90
0;90
0;93
0;97
0;104
0;104
0;105
0;105
0;93
0;93
0;113
0;109
0;96
0;97
0;95
0;95
0;102
0;101
0;93
0;93
0;100
0;100
2;2271
2;2364
2;2161
2;2253
2;2290
2;2185
2;2177
2;2317
2;2461
0;59
0;55
0;56
0;60
0;61
0;54
0;74
0;55
0;61
0;56
0;53
0;53
0;56
0;58
0;53
0;49
0;52
0;53
0;57
0;50
2;2339
0;46
0;48
0;48
0;188
0;120
2;2522
2;2196
2;2148
2;2157
2;2112
2;2261
0;120
0;97
0;115
2;2268
0;92
0;91
0;106
0;94
0;100
0;108
0;94
0;101
0;97
0;95
0;40
0;119
0;101
2;4182
0;94
0;88
0;111
0;96
0;97
0;107
0;94
0;173
0;115
2;2557
2;2162
2;2238
2;2199
2;2256
2;2208
2;2203
2;2210
2;2263
2;2231
2;2182
2;2156
2;2190
2;2171
2;2136
2;2146
2;2253
2;2219
2;2142
2;2158
2;2190
2;2183
2;2171
2;2195
2;2176
2;2148
0;106
0;48
0;70
0;45
0;46
1;1197
1;1089
1;1077
1;1062
1;1052
1;1067
1;1061
1;1061
1;1060
1;1081
1;1090
1;1079
1;1070
1;1090
1;1072
1;1076
1;1110
1;1084
1;1096
1;1103
1;1087
1;1075
1;2590
0;97
0;58
0;46
0;44
0;43
0;43
0;43
0;44
0;43
0;43
0;43
0;43
0;43
0;80
0;93
0;147
0;92
0;49
0;94
0;49
0;99
0;93
0;98
0;103
0;95
0;56
0;124
0;61
0;102
0;104
0;52
0;98
0;96
0;101
1;1855
0;96
0;95
0;63
0;122
0;61
0;95
0;96
0;55
0;100
0;96
0;97
0;99
0;101
0;87
0;117
0;59
0;107
0;51
0;107
1;1536
0;92
0;95
0;140
0;95
2;4363
1;1354
1;1263
2;2532
1;1236
1;1234
2;2517
1;1265
1;1237
2;2476
1;1234
1;1276
2;2533
1;1247
1;1246
2;2491
1;1256
1;1245
2;2449
2;2259
2;2263
2;2294
2;2242
2;2281
0;109
2;2668
0;94
0;83
0;130
2;2619
0;125
0;128
0;130
2;2608
1;1345
1;1054
0;128
0;124
0;197
0;72
0;76
0;115
1;1356
2;4717
2;3881
0;57
0;56
0;61
0;56
0;57
0;59
1;1486
1;1208
1;1161
0;105
0;97
0;96
1;1263
1;1300
2;3821
2;2185
2;2166
1;1363
1;1148
1;1105
1;1100
1;1119
1;1101
1;1120
0;1202
0;54
0;45
0;44
0;102
0;108
0;45
0;53
0;174
0;46
0;53
0;46
0;48
0;49
0;51
0;102
0;49
0;49
0;47
0;47
0;47
0;47
0;47
0;101
0;51
0;52
0;52
0;53
0;52
0;52
0;49
0;105
0;51
0;51
0;52
0;51
0;53
0;103
0;59
0;46
0;46
0;46
0;46
0;47
0;47
0;93
0;46
0;92
0;53
0;48
0;92
0;48
0;53
0;63
0;52
0;98
0;69
0;58
0;51
0;85
0;53
0;99
0;51
0;46
0;46
0;79
0;48
0;94
0;48
0;48
0;77
0;85
0;45
0;94
0;93
0;99
0;97
0;95
0;94
0;93
2;4290
2;2180
2;2186
2;2234
2;2198
2;2170
2;2169
2;2117
2;2155
2;2139
2;2188
2;2220
2;2111
2;2089
2;2096
2;2070
2;2095
2;2125
0;113
0;115
2;6270
0;196
0;226
0;126
0;114
0;116
2;2300
0;137
0;91
0;100
2;2425
0;105
0;100
0;102
2;2269
0;124
0;114
0;104
2;2321
0;106
0;100
0;120
2;2261
0;94
0;45
0;57
0;144
0;117
0;48
0;168
0;48
0;90
2;4207
2;3607
0;59
0;47
0;53
0;43
0;82
0;109
0;73
0;45
0;43
0;101
0;89
0;86
0;121
0;59
2;1998
2;1934
2;1964
0;106
0;69
0;47
0;46
0;49
0;58
0;40
0;48
0;47
0;75
0;99
0;151
0;78
0;51
0;160
0;47
0;87
0;86
0;50
0;87
0;92
0;46
0;111
0;92
0;47
0;91
0;91
0;92
0;88
0;88
0;89
0;85
0;87
0;65
0;83
0;48
0;87
0;87
0;42
0;83
0;44
0;88
0;88
0;46
0;89
0;46
0;89
0;93
0;46
0;86
0;87
0;93
0;88
0;87
0;88
0;84
0;88
0;88
0;51
0;84
0;48
0;48
0;92
0;58
0;137
0;149
0;90
0;50
0;43
0;93
0;90
0;88
0;45
0;40
0;89
2;3472
0;87
0;86
0;41
0;78
0;84
0;84
0;86
0;86
0;87
0;89
0;90
0;88
0;89